URL,Emails
https://www.augustin.codes/,"`, `, `, p, y, t, h, o, n, 
, i, m, p, o, r, t,  , r, e, 
, 
, d, e, f,  , e, x, t, r, a, c, t, _, e, m, a, i, l, s, _, f, r, o, m, _, h, t, m, l, (, h, t, m, l, _, s, t, r, i, n, g, ), :, 
,  ,  , "", "", "", 
,  ,  , E, x, t, r, a, c, t, s,  , a, l, l,  , e, m, a, i, l,  , a, d, d, r, e, s, s, e, s,  , f, r, o, m,  , a, n,  , H, T, M, L,  , s, t, r, i, n, g, ., 
, 
,  ,  , A, r, g, s, :, 
,  ,  ,  ,  , h, t, m, l, _, s, t, r, i, n, g, :,  , T, h, e,  , H, T, M, L,  , c, o, n, t, e, n, t,  , a, s,  , a,  , s, t, r, i, n, g, ., 
, 
,  ,  , R, e, t, u, r, n, s, :, 
,  ,  ,  ,  , A,  , l, i, s, t,  , o, f,  , e, m, a, i, l,  , a, d, d, r, e, s, s, e, s,  , f, o, u, n, d,  , i, n,  , t, h, e,  , H, T, M, L, .,  , I, f,  , n, o,  , e, m, a, i, l,  , a, d, d, r, e, s, s, e, s,  , a, r, e,  , f, o, u, n, d, ,,  , 
,  ,  ,  ,  , r, e, t, u, r, n, s,  , a, n,  , e, m, p, t, y,  , l, i, s, t, ., 
,  ,  , "", "", "", 
,  ,  , e, m, a, i, l, _, p, a, t, t, e, r, n,  , =,  , r, "", [, a, -, z, A, -, Z, 0, -, 9, ., _, %, +, -, ], +, @, [, a, -, z, A, -, Z, 0, -, 9, ., -, ], +, \, ., [, a, -, z, A, -, Z, ], {, 2, ,, }, "", 
,  ,  , e, m, a, i, l, s,  , =,  , r, e, ., f, i, n, d, a, l, l, (, e, m, a, i, l, _, p, a, t, t, e, r, n, ,,  , h, t, m, l, _, s, t, r, i, n, g, ), 
,  ,  , r, e, t, u, r, n,  , e, m, a, i, l, s, 
, 
, h, t, m, l, _, c, o, n, t, e, n, t,  , =,  , "", "", "", <, !, D, O, C, T, Y, P, E,  , h, t, m, l, >, <, h, t, m, l,  , l, a, n, g, =, "", e, n, "", >, <, h, e, a, d, >, <, m, e, t, a,  , c, h, a, r, S, e, t, =, "", u, t, f, -, 8, "", /, >, <, m, e, t, a,  , n, a, m, e, =, "", v, i, e, w, p, o, r, t, "",  , c, o, n, t, e, n, t, =, "", w, i, d, t, h, =, d, e, v, i, c, e, -, w, i, d, t, h, ,,  , i, n, i, t, i, a, l, -, s, c, a, l, e, =, 1, "", /, >, <, l, i, n, k,  , r, e, l, =, "", p, r, e, l, o, a, d, "",  , h, r, e, f, =, "", /, _, n, e, x, t, /, s, t, a, t, i, c, /, m, e, d, i, a, /, 8, d, e, 4, 0, d, e, 8, 2, 1, 1, 7, 4, 8, f, 7, -, s, ., p, ., w, o, f, f, 2, "",  , a, s, =, "", f, o, n, t, "",  , c, r, o, s, s, o, r, i, g, i, n, =, "", "",  , t, y, p, e, =, "", f, o, n, t, /, w, o, f, f, 2, "", /, >, <, l, i, n, k,  , r, e, l, =, "", p, r, e, l, o, a, d, "",  , a, s, =, "", i, m, a, g, e, "",  , i, m, a, g, e, S, r, c, S, e, t, =, "", /, _, n, e, x, t, /, i, m, a, g, e, ?, u, r, l, =, %, 2, F, i, m, a, g, e, s, %, 2, F, h, e, r, o, ., j, p, g, &, a, m, p, ;, w, =, 6, 4, 0, &, a, m, p, ;, q, =, 7, 5,  , 6, 4, 0, w, ,,  , /, _, n, e, x, t, /, i, m, a, g, e, ?, u, r, l, =, %, 2, F, i, m, a, g, e, s, %, 2, F, h, e, r, o, ., j, p, g, &, a, m, p, ;, w, =, 7, 5, 0, &, a, m, p, ;, q, =, 7, 5,  , 7, 5, 0, w, ,,  , /, _, n, e, x, t, /, i, m, a, g, e, ?, u, r, l, =, %, 2, F, i, m, a, g, e, s, %, 2, F, h, e, r, o, ., j, p, g, &, a, m, p, ;, w, =, 8, 2, 8, &, a, m, p, ;, q, =, 7, 5,  , 8, 2, 8, w, ,,  , /, _, n, e, x, t, /, i, m, a, g, e, ?, u, r, l, =, %, 2, F, i, m, a, g, e, s, %, 2, F, h, e, r, o, ., j, p, g, &, a, m, p, ;, w, =, 1, 0, 8, 0, &, a, m, p, ;, q, =, 7, 5,  , 1, 0, 8, 0, w, ,,  , /, _, n, e, x, t, /, i, m, a, g, e, ?, u, r, l, =, %, 2, F, i, m, a, g, e, s, %, 2, F, h, e, r, o, ., j, p, g, &, a, m, p, ;, w, =, 1, 2, 0, 0, &, a, m, p, ;, q, =, 7, 5,  , 1, 2, 0, 0, w, ,,  , /, _, n, e, x, t, /, i, m, a, g, e, ?, u, r, l, =, %, 2, F, i, m, a, g, e, s, %, 2, F, h, e, r, o, ., j, p, g, &, a, m, p, ;, w, =, 1, 9, 2, 0, &, a, m, p, ;, q, =, 7, 5,  , 1, 9, 2, 0, w, ,,  , /, _, n, e, x, t, /, i, m, a, g, e, ?, u, r, l, =, %, 2, F, i, m, a, g, e, s, %, 2, F, h, e, r, o, ., j, p, g, &, a, m, p, ;, w, =, 2, 0, 4, 8, &, a, m, p, ;, q, =, 7, 5,  , 2, 0, 4, 8, w, ,,  , /, _, n, e, x, t, /, i, m, a, g, e, ?, u, r, l, =, %, 2, F, i, m, a, g, e, s, %, 2, F, h, e, r, o, ., j, p, g, &, a, m, p, ;, w, =, 3, 8, 4, 0, &, a, m, p, ;, q, =, 7, 5,  , 3, 8, 4, 0, w, "",  , i, m, a, g, e, S, i, z, e, s, =, "", 1, 0, 0, v, w, "",  , f, e, t, c, h, P, r, i, o, r, i, t, y, =, "", h, i, g, h, "", /, >, <, l, i, n, k,  , r, e, l, =, "", s, t, y, l, e, s, h, e, e, t, "",  , h, r, e, f, =, "", /, _, n, e, x, t, /, s, t, a, t, i, c, /, c, s, s, /, d, 4, d, 6, 4, 9, d, a, c, 7, e, 8, d, d, 9, f, ., c, s, s, "",  , d, a, t, a, -, p, r, e, c, e, d, e, n, c, e, =, "", n, e, x, t, "", /, >, <, l, i, n, k,  , r, e, l, =, "", s, t, y, l, e, s, h, e, e, t, "",  , h, r, e, f, =, "", /, _, n, e, x, t, /, s, t, a, t, i, c, /, c, s, s, /, f, 7, 5, 4, 7, 7, 9, 6, 7, b, 1, 2, 7, f, 3, 6, ., c, s, s, "",  , d, a, t, a, -, p, r, e, c, e, d, e, n, c, e, =, "", n, e, x, t, "", /, >, <, l, i, n, k,  , r, e, l, =, "", p, r, e, l, o, a, d, "",  , a, s, =, "", s, c, r, i, p, t, "",  , f, e, t, c, h, P, r, i, o, r, i, t, y, =, "", l, o, w, "",  , h, r, e, f, =, "", /, _, n, e, x, t, /, s, t, a, t, i, c, /, c, h, u, n, k, s, /, w, e, b, p, a, c, k, -, 5, 6, f, c, 4, c, 9, 0, c, 1, 5, 5, 7, e, 6, e, ., j, s, "", /, >, <, s, c, r, i, p, t,  , s, r, c, =, "", /, _, n, e, x, t, /, s, t, a, t, i, c, /, c, h, u, n, k, s, /, f, d, 9, d, 1, 0, 5, 6, -, a, 0, 4, a, 3, 4, 0, 1, f, a, 0, d, e, b, 6, c, ., j, s, "",  , a, s, y, n, c, =, "", "", >, <, /, s, c, r, i, p, t, >, <, s, c, r, i, p, t,  , s, r, c, =, "", /, _, n, e, x, t, /, s, t, a, t, i, c, /, c, h, u, n, k, s, /, 2, 3, -, 4, e, b, 8, 2, 8, 4, c, e, 4, 1, 8, a, c, 8, a, ., j, s, "",  , a, s, y, n, c, =, "", "", >, <, /, s, c, r, i, p, t, >, <, s, c, r, i, p, t,  , s, r, c, =, "", /, _, n, e, x, t, /, s, t, a, t, i, c, /, c, h, u, n, k, s, /, m, a, i, n, -, a, p, p, -, f, 7, 3, c, d, b, 3, b, c, e, 7, 4, 0, b, 1, 2, ., j, s, "",  , a, s, y, n, c, =, "", "", >, <, /, s, c, r, i, p, t, >, <, s, c, r, i, p, t,  , s, r, c, =, "", /, _, n, e, x, t, /, s, t, a, t, i, c, /, c, h, u, n, k, s, /, 6, 7, 1, -, d, b, 0, 3, f, 7, 1, e, 9, 5, 0, a, 5, f, 4, 1, ., j, s, "",  , a, s, y, n, c, =, "", "", >, <, /, s, c, r, i, p, t, >, <, s, c, r, i, p, t,  , s, r, c, =, "", /, _, n, e, x, t, /, s, t, a, t, i, c, /, c, h, u, n, k, s, /, 6, 7, -, 3, 6, c, 8, c, 6, 3, 2, 6, a, 4, 3, e, 6, e, 9, ., j, s, "",  , a, s, y, n, c, =, "", "", >, <, /, s, c, r, i, p, t, >, <, s, c, r, i, p, t,  , s, r, c, =, "", /, _, n, e, x, t, /, s, t, a, t, i, c, /, c, h, u, n, k, s, /, 1, 9, 1, -, b, 0, c, a, d, 7, 6, 9, e, e, 5, e, 8, d, c, c, ., j, s, "",  , a, s, y, n, c, =, "", "", >, <, /, s, c, r, i, p, t, >, <, s, c, r, i, p, t,  , s, r, c, =, "", /, _, n, e, x, t, /, s, t, a, t, i, c, /, c, h, u, n, k, s, /, 4, 5, 7, -, 7, 7, 0, 1, c, b, 6, 3, b, 0, e, 9, 3, 3, e, 5, ., j, s, "",  , a, s, y, n, c, =, "", "", >, <, /, s, c, r, i, p, t, >, <, s, c, r, i, p, t,  , s, r, c, =, "", /, _, n, e, x, t, /, s, t, a, t, i, c, /, c, h, u, n, k, s, /, 3, 7, 0, -, 2, 4, 4, 0, f, 6, d, a, b, d, 4, 1, a, d, c, 1, ., j, s, "",  , a, s, y, n, c, =, "", "", >, <, /, s, c, r, i, p, t, >, <, s, c, r, i, p, t,  , s, r, c, =, "", /, _, n, e, x, t, /, s, t, a, t, i, c, /, c, h, u, n, k, s, /, a, p, p, /, p, a, g, e, -, 2, 8, b, f, d, 5, 4, a, a, 6, 0, 3, b, 0, b, a, ., j, s, "",  , a, s, y, n, c, =, "", "", >, <, /, s, c, r, i, p, t, >, <, s, c, r, i, p, t,  , s, r, c, =, "", /, _, n, e, x, t, /, s, t, a, t, i, c, /, c, h, u, n, k, s, /, a, p, p, /, l, a, y, o, u, t, -, 6, 7, f, 8, 6, 4, 5, 6, c, 3, 8, 8, 4, a, 9, a, ., j, s, "",  , a, s, y, n, c, =, "", "", >, <, /, s, c, r, i, p, t, >, <, t, i, t, l, e, >, A, u, g, u, s, t, i, n,  , T, s, a, n, g,  , -,  , P, o, r, t, f, o, l, i, o,  , W, e, b, s, i, t, e, <, /, t, i, t, l, e, >, <, m, e, t, a,  , n, a, m, e, =, "", d, e, s, c, r, i, p, t, i, o, n, "",  , c, o, n, t, e, n, t, =, "", P, o, r, t, f, o, l, i, o,  , o, f,  , D, a, t, a,  , S, c, i, e, n, t, i, s, t,  , +,  , E, n, g, i, n, e, e, r,  , A, u, g, u, s, t, i, n,  , T, s, a, n, g, ., "", /, >, <, m, e, t, a,  , n, a, m, e, =, "", k, e, y, w, o, r, d, s, "",  , c, o, n, t, e, n, t, =, "", d, e, v, e, l, o, p, e, r, ,, a, u, g, u, s, t, i, n, ,, d, a, t, a,  , s, c, i, e, n, c, e, ,, t, s, a, n, g, ,, A, u, g, u, s, t, i, n,  , T, s, a, n, g, "", /, >, <, m, e, t, a,  , n, a, m, e, =, "", c, r, e, a, t, o, r, "",  , c, o, n, t, e, n, t, =, "", a, u, g, u, s, t, i, n, t, s, a, n, g, "", /, >, <, m, e, t, a,  , n, a, m, e, =, "", r, o, b, o, t, s, "",  , c, o, n, t, e, n, t, =, "", i, n, d, e, x, ,,  , f, o, l, l, o, w, "", /, >, <, m, e, t, a,  , n, a, m, e, =, "", g, o, o, g, l, e, b, o, t, "",  , c, o, n, t, e, n, t, =, "", i, n, d, e, x, ,,  , f, o, l, l, o, w, ,,  , m, a, x, -, v, i, d, e, o, -, p, r, e, v, i, e, w, :, -, 1, ,,  , m, a, x, -, i, m, a, g, e, -, p, r, e, v, i, e, w, :, l, a, r, g, e, ,,  , m, a, x, -, s, n, i, p, p, e, t, :, -, 1, "", /, >, <, m, e, t, a,  , p, r, o, p, e, r, t, y, =, "", o, g, :, t, i, t, l, e, "",  , c, o, n, t, e, n, t, =, "", A, u, g, u, s, t, i, n,  , T, s, a, n, g,  , -,  , P, o, r, t, f, o, l, i, o,  , W, e, b, s, i, t, e, "", /, >, <, m, e, t, a,  , p, r, o, p, e, r, t, y, =, "", o, g, :, d, e, s, c, r, i, p, t, i, o, n, "",  , c, o, n, t, e, n, t, =, "", P, o, r, t, f, o, l, i, o,  , o, f,  , D, a, t, a,  , S, c, i, e, n, t, i, s, t,  , +,  , E, n, g, i, n, e, e, r,  , A, u, g, u, s, t, i, n,  , T, s, a, n, g, ., "", /, >, <, m, e, t, a,  , p, r, o, p, e, r, t, y, =, "", o, g, :, u, r, l, "",  , c, o, n, t, e, n, t, =, "", h, t, t, p, s, :, /, /, w, w, w, ., e, x, a, m, p, l, e, ., c, o, m, "", /, >, <, m, e, t, a,  , p, r, o, p, e, r, t, y, =, "", o, g, :, s, i, t, e, _, n, a, m, e, "",  , c, o, n, t, e, n, t, =, "", A, u, g, u, s, t, i, n,  , T, s, a, n, g,  , -,  , P, o, r, t, f, o, l, i, o,  , W, e, b, s, i, t, e, "", /, >, <, m, e, t, a,  , p, r, o, p, e, r, t, y, =, "", o, g, :, l, o, c, a, l, e, "",  , c, o, n, t, e, n, t, =, "", e, n, -, U, S, "", /, >, <, m, e, t, a,  , p, r, o, p, e, r, t, y, =, "", o, g, :, i, m, a, g, e, "",  , c, o, n, t, e, n, t, =, "", h, t, t, p, s, :, /, /, w, w, w, ., e, x, a, m, p, l, e, ., c, o, m, /, i, m, a, g, e, s, /, o, g, ., p, n, g, "", /, >, <, m, e, t, a,  , p, r, o, p, e, r, t, y, =, "", o, g, :, i, m, a, g, e, :, w, i, d, t, h, "",  , c, o, n, t, e, n, t, =, "", 1, 2, 0, 0, "", /, >, <, m, e, t, a,  , p, r, o, p, e, r, t, y, =, "", o, g, :, i, m, a, g, e, :, h, e, i, g, h, t, "",  , c, o, n, t, e, n, t, =, "", 6, 3, 0, "", /, >, <, m, e, t, a,  , p, r, o, p, e, r, t, y, =, "", o, g, :, i, m, a, g, e, :, a, l, t, "",  , c, o, n, t, e, n, t, =, "", P, o, r, t, f, o, l, i, o,  , o, f,  , D, a, t, a,  , S, c, i, e, n, t, i, s, t,  , +,  , E, n, g, i, n, e, e, r,  , A, u, g, u, s, t, i, n,  , T, s, a, n, g, ., "", /, >, <, m, e, t, a,  , p, r, o, p, e, r, t, y, =, "", o, g, :, i, m, a, g, e, :, t, y, p, e, "",  , c, o, n, t, e, n, t, =, "", i, m, a, g, e, /, p, n, g, "", /, >, <, m, e, t, a,  , p, r, o, p, e, r, t, y, =, "", o, g, :, t, y, p, e, "",  , c, o, n, t, e, n, t, =, "", w, e, b, s, i, t, e, "", /, >, <, m, e, t, a,  , n, a, m, e, =, "", t, w, i, t, t, e, r, :, c, a, r, d, "",  , c, o, n, t, e, n, t, =, "", s, u, m, m, a, r, y, _, l, a, r, g, e, _, i, m, a, g, e, "", /, >, <, m, e, t, a,  , n, a, m, e, =, "", t, w, i, t, t, e, r, :, t, i, t, l, e, "",  , c, o, n, t, e, n, t, =, "", A, u, g, u, s, t, i, n,  , T, s, a, n, g, "", /, >, <, m, e, t, a,  , n, a, m, e, =, "", t, w, i, t, t, e, r, :, d, e, s, c, r, i, p, t, i, o, n, "",  , c, o, n, t, e, n, t, =, "", P, o, r, t, f, o, l, i, o,  , o, f,  , D, a, t, a,  , S, c, i, e, n, t, i, s, t,  , +,  , E, n, g, i, n, e, e, r,  , A, u, g, u, s, t, i, n,  , T, s, a, n, g, ., "", /, >, <, m, e, t, a,  , n, a, m, e, =, "", t, w, i, t, t, e, r, :, i, m, a, g, e, "",  , c, o, n, t, e, n, t, =, "", h, t, t, p, s, :, /, /, w, w, w, ., e, x, a, m, p, l, e, ., c, o, m, /, i, m, a, g, e, s, /, o, g, ., p, n, g, "", /, >, <, m, e, t, a,  , n, a, m, e, =, "", t, w, i, t, t, e, r, :, i, m, a, g, e, :, w, i, d, t, h, "",  , c, o, n, t, e, n, t, =, "", 1, 2, 0, 0, "", /, >, <, m, e, t, a,  , n, a, m, e, =, "", t, w, i, t, t, e, r, :, i, m, a, g, e, :, h, e, i, g, h, t, "",  , c, o, n, t, e, n, t, =, "", 6, 3, 0, "", /, >, <, m, e, t, a,  , n, a, m, e, =, "", t, w, i, t, t, e, r, :, i, m, a, g, e, :, a, l, t, "",  , c, o, n, t, e, n, t, =, "", P, o, r, t, f, o, l, i, o,  , o, f,  , D, a, t, a,  , S, c, i, e, n, t, i, s, t,  , +,  , E, n, g, i, n, e, e, r,  , A, u, g, u, s, t, i, n,  , T, s, a, n, g, ., "", /, >, <, l, i, n, k,  , r, e, l, =, "", s, h, o, r, t, c, u, t,  , i, c, o, n, "",  , h, r, e, f, =, "", /, f, a, v, i, c, o, n, /, f, a, v, i, c, o, n, ., s, v, g, "", /, >, <, l, i, n, k,  , r, e, l, =, "", i, c, o, n, "",  , h, r, e, f, =, "", /, f, a, v, i, c, o, n, /, f, a, v, i, c, o, n, ., s, v, g, "", /, >, <, l, i, n, k,  , r, e, l, =, "", a, p, p, l, e, -, t, o, u, c, h, -, i, c, o, n, "",  , h, r, e, f, =, "", /, f, a, v, i, c, o, n, /, a, p, p, l, e, -, t, o, u, c, h, -, i, c, o, n, ., p, n, g, "",  , s, i, z, e, s, =, "", 1, 8, 0, x, 1, 8, 0, "",  , t, y, p, e, =, "", i, m, a, g, e, /, p, n, g, "", /, >, <, l, i, n, k,  , r, e, l, =, "", i, c, o, n, "",  , h, r, e, f, =, "", /, f, a, v, i, c, o, n, /, f, a, v, i, c, o, n, -, 1, 6, x, 1, 6, ., p, n, g, "",  , t, y, p, e, =, "", i, m, a, g, e, /, p, n, g, "",  , s, i, z, e, s, =, "", 1, 6, x, 1, 6, "", /, >, <, l, i, n, k,  , r, e, l, =, "", i, c, o, n, "",  , h, r, e, f, =, "", /, f, a, v, i, c, o, n, /, f, a, v, i, c, o, n, -, 3, 2, x, 3, 2, ., p, n, g, "",  , t, y, p, e, =, "", i, m, a, g, e, /, p, n, g, "",  , s, i, z, e, s, =, "", 3, 2, x, 3, 2, "", /, >, <, m, e, t, a,  , n, a, m, e, =, "", n, e, x, t, -, s, i, z, e, -, a, d, j, u, s, t, "", /, >, <, s, c, r, i, p, t,  , s, r, c, =, "", /, _, n, e, x, t, /, s, t, a, t, i, c, /, c, h, u, n, k, s, /, p, o, l, y, f, i, l, l, s, -, 7, 8, c, 9, 2, f, a, c, 7, a, a, 8, f, d, d, 8, ., j, s, "",  , n, o, M, o, d, u, l, e, =, "", "", >, <, /, s, c, r, i, p, t, >, <, /, h, e, a, d, >, <, b, o, d, y,  , c, l, a, s, s, =, "", _, _, c, l, a, s, s, N, a, m, e, _, 8, f, 8, c, b, 2, "", >, <, s, c, r, i, p, t, >, !, f, u, n, c, t, i, o, n, (, ), {, t, r, y, {, v, a, r,  , d, =, d, o, c, u, m, e, n, t, ., d, o, c, u, m, e, n, t, E, l, e, m, e, n, t, ,, c, =, d, ., c, l, a, s, s, L, i, s, t, ;, c, ., r, e, m, o, v, e, (, ', l, i, g, h, t, ', ,, ', d, a, r, k, ', ), ;, v, a, r,  , e, =, l, o, c, a, l, S, t, o, r, a, g, e, ., g, e, t, I, t, e, m, (, ', t, h, e, m, e, ', ), ;, i, f, (, ', s, y, s, t, e, m, ', =, =, =, e, |, |, (, !, e, &, &, t, r, u, e, ), ), {, v, a, r,  , t, =, ', (, p, r, e, f, e, r, s, -, c, o, l, o, r, -, s, c, h, e, m, e, :,  , d, a, r, k, ), ', ,, m, =, w, i, n, d, o, w, ., m, a, t, c, h, M, e, d, i, a, (, t, ), ;, i, f, (, m, ., m, e, d, i, a, !, =, =, t, |, |, m, ., m, a, t, c, h, e, s, ), {, d, ., s, t, y, l, e, ., c, o, l, o, r, S, c, h, e, m, e,  , =,  , ', d, a, r, k, ', ;, c, ., a, d, d, (, ', d, a, r, k, ', ), }, e, l, s, e, {, d, ., s, t, y, l, e, ., c, o, l, o, r, S, c, h, e, m, e,  , =,  , ', l, i, g, h, t, ', ;, c, ., a, d, d, (, ', l, i, g, h, t, ', ), }, }, e, l, s, e,  , i, f, (, e, ), {, c, ., a, d, d, (, e, |, |,  , ', ', ), }, i, f, (, e, =, =, =, ', l, i, g, h, t, ', |, |, e, =, =, =, ', d, a, r, k, ', ), d, ., s, t, y, l, e, ., c, o, l, o, r, S, c, h, e, m, e, =, e, }, c, a, t, c, h, (, e, ), {, }, }, (, ), <, /, s, c, r, i, p, t, >, <, d, i, v,  , c, l, a, s, s, =, "", s, t, y, l, e, _, i, n, t, r, o, d, u, c, t, i, o, n, _, _, c, P, g, K, i, "",  , s, t, y, l, e, =, "", t, o, p, :, 0, p, x, "", >, <, /, d, i, v, >, <, d, i, v,  , c, l, a, s, s, =, "", f, l, e, x,  , m, i, n, -, h, -, [, 1, 0, 0, d, v, h, ],  , f, l, e, x, -, c, o, l, "", >, <, h, e, a, d, e, r,  , c, l, a, s, s, =, "", s, t, y, l, e, _, h, e, a, d, e, r, _, _, M, K, 7, Y, z, "",  , s, t, y, l, e, =, "", t, r, a, n, s, f, o, r, m, :, t, r, a, n, s, l, a, t, e, Y, (, -, 8, 0, p, x, ),  , t, r, a, n, s, l, a, t, e, Z, (, 0, ), "", >, <, d, i, v,  , c, l, a, s, s, =, "", s, t, y, l, e, _, b, a, r, _, _, p, x, 7, _, B, "", >, <, a,  , c, l, a, s, s, =, "", f, l, e, x,  , i, t, e, m, s, -, c, e, n, t, e, r,  , j, u, s, t, i, f, y, -, c, e, n, t, e, r, "",  , h, r, e, f, =, "", /, "", >, <, s, p, a, n,  , c, l, a, s, s, =, "", t, e, x, t, -, m, d,  , f, o, n, t, -, s, e, m, i, b, o, l, d,  , t, r, a, n, s, i, t, i, o, n, -, t, r, a, n, s, f, o, r, m,  , h, o, v, e, r, :, t, r, a, n, s, l, a, t, e, -, x, -, 1,  , h, o, v, e, r, :, t, r, a, n, s, l, a, t, e, -, y, -, 1, "", >, A, u, g, u, s, t, i, n,  , T, s, a, n, g, <, /, s, p, a, n, >, <, /, a, >, <, d, i, v,  , c, l, a, s, s, =, "", s, t, y, l, e, _, e, l, _, _, c, b, 5, 0, 5, "", >, <, d, i, v,  , c, l, a, s, s, =, "", s, t, y, l, e, _, l, a, b, e, l, _, _, 8, o, K, m, x, "", >, <, p, >, M, e, n, u, <, /, p, >, <, p, >, C, l, o, s, e, <, /, p, >, <, /, d, i, v, >, <, d, i, v,  , c, l, a, s, s, =, "", s, t, y, l, e, _, b, u, r, g, e, r, _, _, B, L, R, l, M,  , "", >, <, /, d, i, v, >, <, /, d, i, v, >, <, /, d, i, v, >, <, d, i, v,  , c, l, a, s, s, =, "", s, t, y, l, e, _, b, a, c, k, g, r, o, u, n, d, _, _, 8, w, E, j, v, "",  , s, t, y, l, e, =, "", h, e, i, g, h, t, :, 0, p, x, "", >, <, /, d, i, v, >, <, /, h, e, a, d, e, r, >, <, m, a, i, n,  , c, l, a, s, s, =, "", f, l, e, x, -, 1, "", >, <, s, e, c, t, i, o, n,  , c, l, a, s, s, =, "", m, t, -, 1, 4,  , f, l, e, x,  , h, -, [, c, a, l, c, (, 1, 0, 0, d, v, h, -, 6, 2, ., 5, p, x, -, 5, 6, p, x, ), ],  , w, -, f, u, l, l,  , i, t, e, m, s, -, c, e, n, t, e, r,  , j, u, s, t, i, f, y, -, c, e, n, t, e, r,  , a, p, p, _, _, f, l, e, x, "", >, <, d, i, v,  , c, l, a, s, s, =, "", g, r, i, d,  , i, t, e, m, s, -, s, t, a, r, t,  , j, u, s, t, i, f, y, -, c, e, n, t, e, r,  , g, a, p, -, 4,  , p, x, -, 4,  , m, d, :, g, r, i, d, -, c, o, l, s, -, 2,  , m, d, :, p, x, -, 6,  , l, g, :, g, a, p, -, 1, 0, "", >, <, d, i, v,  , c, l, a, s, s, =, "", s, p, a, c, e, -, y, -, 3,  , t, e, x, t, -, l, e, f, t, "", >, <, d, i, v,  , c, l, a, s, s, =, "", i, n, l, i, n, e, -, b, l, o, c, k,  , r, o, u, n, d, e, d, -, l, g,  , b, g, -, g, r, a, y, -, 1, 0, 0,  , p, x, -, 3,  , p, y, -, 1,  , t, e, x, t, -, s, m,  , d, a, r, k, :, b, g, -, f, o, r, e, g, r, o, u, n, d, /, 1, 0, "", >, D, a, t, a,  , S, c, i, e, n, t, i, s, t,  , a, n, d,  , E, n, g, i, n, e, e, r, <, /, d, i, v, >, <, h, 1,  , c, l, a, s, s, =, "", t, e, x, t, -, 3, x, l,  , f, o, n, t, -, b, o, l, d,  , t, r, a, c, k, i, n, g, -, t, i, g, h, t, e, r,  , s, m, :, t, e, x, t, -, 4, x, l,  , m, d, :, t, e, x, t, -, 5, x, l,  , l, g, :, t, e, x, t, -, 6, x, l, /, n, o, n, e, "", >, H, i, ,,  , I, &, #, x, 2, 7, ;, m,  , <, !, -, -,  , -, -, >, A, u, g, u, s, t, i, n,  , T, s, a, n, g, <, /, h, 1, >, <, p,  , c, l, a, s, s, =, "", m, a, x, -, w, -, [, 6, 0, 0, p, x, ],  , t, e, x, t, -, g, r, a, y, -, 5, 0, 0,  , d, a, r, k, :, t, e, x, t, -, g, r, a, y, -, 4, 0, 0,  , m, d, :, t, e, x, t, -, x, l, /, r, e, l, a, x, e, d,  , l, g, :, t, e, x, t, -, b, a, s, e, /, r, e, l, a, x, e, d,  , x, l, :, t, e, x, t, -, x, l, /, r, e, l, a, x, e, d, "", >, I,  , b, u, i, l, d,  , a, d, v, a, n, c, e, d,  , c, o, m, p, u, t, a, t, i, o, n, a, l,  , m, o, d, e, l, s, ,,  , w, o, r, k,  , w, i, t, h,  , b, i, g,  , d, a, t, a, ,,  , a, n, d,  , d, e, v, e, l, o, p,  , s, c, a, l, a, b, l, e,  , s, o, f, t, w, a, r, e,  , s, o, l, u, t, i, o, n, s, ,,  , w, i, t, h,  , a,  , b, u, d, d, i, n, g,  , p, a, s, s, i, o, n,  , f, o, r,  , c, o, m, m, o, d, i, t, i, e, s,  , m, a, r, k, e, t, s, .,  , W, e, l, c, o, m, e,  , t, o,  , m, y,  , p, o, r, t, f, o, l, i, o, ., <, /, p, >, <, /, d, i, v, >, <, i, m, g,  , a, l, t, =, "", I, m, a, g, e, "",  , f, e, t, c, h, P, r, i, o, r, i, t, y, =, "", h, i, g, h, "",  , w, i, d, t, h, =, "", 8, 0, 0, "",  , h, e, i, g, h, t, =, "", 4, 5, 0, "",  , d, e, c, o, d, i, n, g, =, "", a, s, y, n, c, "",  , d, a, t, a, -, n, i, m, g, =, "", 1, "",  , c, l, a, s, s, =, "", m, x, -, a, u, t, o,  , a, s, p, e, c, t, -, v, i, d, e, o,  , o, v, e, r, f, l, o, w, -, h, i, d, d, e, n,  , r, o, u, n, d, e, d, -, x, l,  , o, b, j, e, c, t, -, c, o, v, e, r,  , o, b, j, e, c, t, -, c, e, n, t, e, r, "",  , s, t, y, l, e, =, "", c, o, l, o, r, :, t, r, a, n, s, p, a, r, e, n, t, "",  , s, i, z, e, s, =, "", 1, 0, 0, v, w, "",  , s, r, c, S, e, t, =, "", /, _, n, e, x, t, /, i, m, a, g, e, ?, u, r, l, =, %, 2, F, i, m, a, g, e, s, %, 2, F, h, e, r, o, ., j, p, g, &, a, m, p, ;, w, =, 6, 4, 0, &, a, m, p, ;, q, =, 7, 5,  , 6, 4, 0, w, ,,  , /, _, n, e, x, t, /, i, m, a, g, e, ?, u, r, l, =, %, 2, F, i, m, a, g, e, s, %, 2, F, h, e, r, o, ., j, p, g, &, a, m, p, ;, w, =, 7, 5, 0, &, a, m, p, ;, q, =, 7, 5,  , 7, 5, 0, w, ,,  , /, _, n, e, x, t, /, i, m, a, g, e, ?, u, r, l, =, %, 2, F, i, m, a, g, e, s, %, 2, F, h, e, r, o, ., j, p, g, &, a, m, p, ;, w, =, 8, 2, 8, &, a, m, p, ;, q, =, 7, 5,  , 8, 2, 8, w, ,,  , /, _, n, e, x, t, /, i, m, a, g, e, ?, u, r, l, =, %, 2, F, i, m, a, g, e, s, %, 2, F, h, e, r, o, ., j, p, g, &, a, m, p, ;, w, =, 1, 0, 8, 0, &, a, m, p, ;, q, =, 7, 5,  , 1, 0, 8, 0, w, ,,  , /, _, n, e, x, t, /, i, m, a, g, e, ?, u, r, l, =, %, 2, F, i, m, a, g, e, s, %, 2, F, h, e, r, o, ., j, p, g, &, a, m, p, ;, w, =, 1, 2, 0, 0, &, a, m, p, ;, q, =, 7, 5,  , 1, 2, 0, 0, w, ,,  , /, _, n, e, x, t, /, i, m, a, g, e, ?, u, r, l, =, %, 2, F, i, m, a, g, e, s, %, 2, F, h, e, r, o, ., j, p, g, &, a, m, p, ;, w, =, 1, 9, 2, 0, &, a, m, p, ;, q, =, 7, 5,  , 1, 9, 2, 0, w, ,,  , /, _, n, e, x, t, /, i, m, a, g, e, ?, u, r, l, =, %, 2, F, i, m, a, g, e, s, %, 2, F, h, e, r, o, ., j, p, g, &, a, m, p, ;, w, =, 2, 0, 4, 8, &, a, m, p, ;, q, =, 7, 5,  , 2, 0, 4, 8, w, ,,  , /, _, n, e, x, t, /, i, m, a, g, e, ?, u, r, l, =, %, 2, F, i, m, a, g, e, s, %, 2, F, h, e, r, o, ., j, p, g, &, a, m, p, ;, w, =, 3, 8, 4, 0, &, a, m, p, ;, q, =, 7, 5,  , 3, 8, 4, 0, w, "",  , s, r, c, =, "", /, _, n, e, x, t, /, i, m, a, g, e, ?, u, r, l, =, %, 2, F, i, m, a, g, e, s, %, 2, F, h, e, r, o, ., j, p, g, &, a, m, p, ;, w, =, 3, 8, 4, 0, &, a, m, p, ;, q, =, 7, 5, "", /, >, <, /, d, i, v, >, <, /, s, e, c, t, i, o, n, >, <, s, e, c, t, i, o, n,  , c, l, a, s, s, =, "", w, -, f, u, l, l,  , p, y, -, 2, 4,  , l, g, :, p, y, -, 3, 2,  , a, p, p, _, _, f, l, e, x, "",  , i, d, =, "", a, b, o, u, t, "", >, <, d, i, v,  , c, l, a, s, s, =, "", s, p, a, c, e, -, y, -, 4,  , p, x, -, 4,  , m, d, :, p, x, -, 6,  , l, g, :, s, p, a, c, e, -, y, -, 1, 0, "", >, <, d, i, v,  , c, l, a, s, s, =, "", f, l, e, x,  , w, -, f, u, l, l,  , f, l, e, x, -, c, o, l,  , i, t, e, m, s, -, c, e, n, t, e, r,  , j, u, s, t, i, f, y, -, c, e, n, t, e, r,  , t, e, x, t, -, c, e, n, t, e, r,  , l, g, :, f, l, e, x, -, r, o, w,  , l, g, :, j, u, s, t, i, f, y, -, b, e, t, w, e, e, n,  , l, g, :, t, e, x, t, -, l, e, f, t, "", >, <, d, i, v,  , c, l, a, s, s, =, "", f, l, e, x,  , f, l, e, x, -, c, o, l,  , i, t, e, m, s, -, c, e, n, t, e, r,  , l, g, :, i, t, e, m, s, -, s, t, a, r, t, "", >, <, d, i, v,  , s, t, y, l, e, =, "", p, o, s, i, t, i, o, n, :, r, e, l, a, t, i, v, e, ;, w, i, d, t, h, :, 1, 0, 0, %, ;, o, v, e, r, f, l, o, w, :, h, i, d, d, e, n, "", >, <, d, i, v,  , s, t, y, l, e, =, "", o, p, a, c, i, t, y, :, 0, ;, t, r, a, n, s, f, o, r, m, :, t, r, a, n, s, l, a, t, e, Y, (, 7, 5, p, x, ),  , t, r, a, n, s, l, a, t, e, Z, (, 0, ), "", >, <, h, 2,  , c, l, a, s, s, =, "", t, e, x, t, -, 4, x, l,  , f, o, n, t, -, b, o, l, d,  , l, e, a, d, i, n, g, -, t, i, g, h, t,  , t, r, a, c, k, i, n, g, -, t, i, g, h, t, e, r,  , s, m, :, t, e, x, t, -, 5, x, l,  , m, d, :, t, e, x, t, -, 5, x, l,  , m, d, :, l, e, a, d, i, n, g, -, t, i, g, h, t,  , l, g, :, t, e, x, t, -, 6, x, l,  , l, g, :, l, e, a, d, i, n, g, -, t, i, g, h, t, "", >, A, b, o, u, t, <, /, h, 2, >, <, /, d, i, v, >, <, /, d, i, v, >, <, d, i, v,  , s, t, y, l, e, =, "", p, o, s, i, t, i, o, n, :, r, e, l, a, t, i, v, e, ;, w, i, d, t, h, :, 1, 0, 0, %, ;, o, v, e, r, f, l, o, w, :, h, i, d, d, e, n, "", >, <, d, i, v,  , s, t, y, l, e, =, "", o, p, a, c, i, t, y, :, 0, ;, t, r, a, n, s, f, o, r, m, :, t, r, a, n, s, l, a, t, e, Y, (, 7, 5, p, x, ),  , t, r, a, n, s, l, a, t, e, Z, (, 0, ), "", >, <, h, 2,  , c, l, a, s, s, =, "", -, m, t, -, 2,  , t, e, x, t, -, 4, x, l,  , f, o, n, t, -, b, o, l, d,  , l, e, a, d, i, n, g, -, t, i, g, h, t,  , t, r, a, c, k, i, n, g, -, t, i, g, h, t, e, r,  , s, m, :, t, e, x, t, -, 5, x, l,  , m, d, :, t, e, x, t, -, 5, x, l,  , m, d, :, l, e, a, d, i, n, g, -, t, i, g, h, t,  , l, g, :, t, e, x, t, -, 6, x, l,  , l, g, :, l, e, a, d, i, n, g, -, t, i, g, h, t, "", >, M, e, <, /, h, 2, >, <, /, d, i, v, >, <, /, d, i, v, >, <, /, d, i, v, >, <, p,  , c, l, a, s, s, =, "", m, t, -, 4,  , h, i, d, d, e, n,  , t, e, x, t, -, g, r, a, y, -, 5, 0, 0,  , d, a, r, k, :, t, e, x, t, -, g, r, a, y, -, 4, 0, 0,  , l, g, :, m, t, -, 0,  , l, g, :, b, l, o, c, k,  , l, g, :, w, -, [, 3, 5, %, ], "", >, H, e, r, e, &, #, x, 2, 7, ;, s,  , w, h, e, r, e,  , I,  , s, h, a, r, e,  , m, y,  , j, o, u, r, n, e, y,  , t, h, r, o, u, g, h,  , t, e, c, h, ,,  , h, i, g, h, l, i, g, h, t, i, n, g,  , t, h, e,  , e, x, p, e, r, i, e, n, c, e, s,  , a, n, d,  , p, a, s, s, i, o, n, s,  , t, h, a, t,  , d, r, i, v, e,  , m, y,  , i, n, n, o, v, a, t, i, v, e,  , p, u, r, s, u, i, t, s, ., <, /, p, >, <, /, d, i, v, >, <, d, i, v,  , c, l, a, s, s, =, "", s, p, a, c, e, -, y, -, 4, "", >, <, p,  , c, l, a, s, s, =, "", m, t, -, 6,  , m, a, x, -, w, -, [, 7, 0, 0, p, x, ],  , t, e, x, t, -, g, r, a, y, -, 5, 0, 0,  , d, a, r, k, :, t, e, x, t, -, g, r, a, y, -, 4, 0, 0,  , m, d, :, t, e, x, t, -, x, l, /, r, e, l, a, x, e, d,  , l, g, :, t, e, x, t, -, b, a, s, e, /, r, e, l, a, x, e, d,  , x, l, :, t, e, x, t, -, x, l, /, r, e, l, a, x, e, d, "", >, H, i, ,,  , I, &, #, x, 2, 7, ;, m,  , A, u, g, u, s, t, i, n, ,,  , a,  , s, e, n, i, o, r,  , a, t,  , B, e, r, k, e, l, e, y, .,  , I, &, #, x, 2, 7, ;, m,  , p, u, r, s, u, i, n, g,  , a,  , d, o, u, b, l, e,  , m, a, j, o, r,  , i, n,  , C, o, m, p, u, t, e, r,  , S, c, i, e, n, c, e,  , &, a, m, p, ;,  , D, a, t, a,  , S, c, i, e, n, c, e,  , w, h, i, l, s, t,  , o, b, t, a, i, n, i, n, g,  , t, h, e,  , C, e, r, t, i, f, i, c, a, t, e,  , i, n,  , T, e, c, h, n, o, l, o, g, y,  , &, a, m, p, ;,  , E, n, t, r, e, p, r, e, n, e, u, r, s, h, i, p, .,  , I,  , a, s, p, i, r, e,  , t, o,  , b, e,  , u, s, i, n, g,  , A, I, /, M, L,  , t, o,  , d, e, e, p, l, y,  , u, n, d, e, r, s, t, a, n, d,  , g, l, o, b, a, l,  , m, a, c, r, o, e, c, o, n, o, m, i, c,  , t, r, e, n, d, s,  , w, i, t, h,  , c, o, m, m, o, d, i, t, y,  , m, a, r, k, e, t,  , f, u, n, d, a, m, e, n, t, a, l, s,  , a, n, d,  , b, u, i, l, d, i, n, g,  , t, o, o, l, s,  , w, i, t, h,  , t, h, e,  , o, b, j, e, c, t, i, v, e,  , t, o,  , f, a, c, i, l, i, t, a, t, e,  , i, n, t, e, r, n, a, t, i, o, n, a, l,  , e, x, c, h, a, n, g, e, s,  , o, f,  , g, o, o, d, s, ,,  , s, e, r, v, i, c, e, s,  , a, n, d,  , i, n, f, o, r, m, a, t, i, o, n, ., <, /, p, >, <, a,  , t, a, r, g, e, t, =, "", _, b, l, a, n, k, "",  , c, l, a, s, s, =, "", i, n, l, i, n, e, -, f, l, e, x,  , i, t, e, m, s, -, c, e, n, t, e, r,  , j, u, s, t, i, f, y, -, c, e, n, t, e, r,  , w, h, i, t, e, s, p, a, c, e, -, n, o, w, r, a, p,  , r, o, u, n, d, e, d, -, m, d,  , t, e, x, t, -, s, m,  , f, o, n, t, -, m, e, d, i, u, m,  , r, i, n, g, -, o, f, f, s, e, t, -, b, a, c, k, g, r, o, u, n, d,  , t, r, a, n, s, i, t, i, o, n, -, c, o, l, o, r, s,  , f, o, c, u, s, -, v, i, s, i, b, l, e, :, o, u, t, l, i, n, e, -, n, o, n, e,  , f, o, c, u, s, -, v, i, s, i, b, l, e, :, r, i, n, g, -, 2,  , f, o, c, u, s, -, v, i, s, i, b, l, e, :, r, i, n, g, -, r, i, n, g,  , f, o, c, u, s, -, v, i, s, i, b, l, e, :, r, i, n, g, -, o, f, f, s, e, t, -, 2,  , d, i, s, a, b, l, e, d, :, p, o, i, n, t, e, r, -, e, v, e, n, t, s, -, n, o, n, e,  , d, i, s, a, b, l, e, d, :, o, p, a, c, i, t, y, -, 5, 0,  , b, g, -, p, r, i, m, a, r, y,  , t, e, x, t, -, p, r, i, m, a, r, y, -, f, o, r, e, g, r, o, u, n, d,  , h, o, v, e, r, :, b, g, -, p, r, i, m, a, r, y, /, 9, 0,  , h, -, 1, 0,  , p, x, -, 4,  , p, y, -, 2, "",  , h, r, e, f, =, "", r, e, s, u, m, e, ., p, d, f, "", >, V, i, e, w,  , R, e, s, u, m, e,  , <, s, v, g,  , x, m, l, n, s, =, "", h, t, t, p, :, /, /, w, w, w, ., w, 3, ., o, r, g, /, 2, 0, 0, 0, /, s, v, g, "",  , w, i, d, t, h, =, "", 2, 4, "",  , h, e, i, g, h, t, =, "", 2, 4, "",  , v, i, e, w, B, o, x, =, "", 0,  , 0,  , 2, 4,  , 2, 4, "",  , f, i, l, l, =, "", n, o, n, e, "",  , s, t, r, o, k, e, =, "", c, u, r, r, e, n, t, C, o, l, o, r, "",  , s, t, r, o, k, e, -, w, i, d, t, h, =, "", 2, "",  , s, t, r, o, k, e, -, l, i, n, e, c, a, p, =, "", r, o, u, n, d, "",  , s, t, r, o, k, e, -, l, i, n, e, j, o, i, n, =, "", r, o, u, n, d, "",  , c, l, a, s, s, =, "", l, u, c, i, d, e,  , l, u, c, i, d, e, -, a, r, r, o, w, -, u, p, -, r, i, g, h, t,  , m, l, -, 2,  , s, i, z, e, -, 5, "", >, <, p, a, t, h,  , d, =, "", M, 7,  , 7, h, 1, 0, v, 1, 0, "", >, <, /, p, a, t, h, >, <, p, a, t, h,  , d, =, "", M, 7,  , 1, 7,  , 1, 7,  , 7, "", >, <, /, p, a, t, h, >, <, /, s, v, g, >, <, /, a, >, <, /, d, i, v, >, <, /, d, i, v, >, <, /, s, e, c, t, i, o, n, >, <, s, e, c, t, i, o, n,  , c, l, a, s, s, =, "", w, -, f, u, l, l,  , p, y, -, 2, 4,  , l, g, :, p, y, -, 3, 2,  , a, p, p, _, _, f, l, e, x, "",  , i, d, =, "", s, k, i, l, l, s, "", >, <, d, i, v,  , c, l, a, s, s, =, "", s, p, a, c, e, -, y, -, 4,  , p, x, -, 4,  , m, d, :, p, x, -, 6,  , l, g, :, s, p, a, c, e, -, y, -, 1, 0, "", >, <, d, i, v,  , c, l, a, s, s, =, "", f, l, e, x,  , w, -, f, u, l, l,  , f, l, e, x, -, c, o, l,  , i, t, e, m, s, -, c, e, n, t, e, r,  , j, u, s, t, i, f, y, -, c, e, n, t, e, r,  , t, e, x, t, -, c, e, n, t, e, r,  , l, g, :, f, l, e, x, -, r, o, w,  , l, g, :, j, u, s, t, i, f, y, -, b, e, t, w, e, e, n,  , l, g, :, t, e, x, t, -, l, e, f, t, "", >, <, d, i, v,  , c, l, a, s, s, =, "", f, l, e, x,  , f, l, e, x, -, c, o, l,  , i, t, e, m, s, -, c, e, n, t, e, r,  , l, g, :, i, t, e, m, s, -, s, t, a, r, t, "", >, <, d, i, v,  , s, t, y, l, e, =, "", p, o, s, i, t, i, o, n, :, r, e, l, a, t, i, v, e, ;, w, i, d, t, h, :, 1, 0, 0, %, ;, o, v, e, r, f, l, o, w, :, h, i, d, d, e, n, "", >, <, d, i, v,  , s, t, y, l, e, =, "", o, p, a, c, i, t, y, :, 0, ;, t, r, a, n, s, f, o, r, m, :, t, r, a, n, s, l, a, t, e, Y, (, 7, 5, p, x, ),  , t, r, a, n, s, l, a, t, e, Z, (, 0, ), "", >, <, h, 2,  , c, l, a, s, s, =, "", t, e, x, t, -, 4, x, l,  , f, o, n, t, -, b, o, l, d,  , l, e, a, d, i, n, g, -, t, i, g, h, t,  , t, r, a, c, k, i, n, g, -, t, i, g, h, t, e, r,  , s, m, :, t, e, x, t, -, 5, x, l,  , m, d, :, t, e, x, t, -, 5, x, l,  , m, d, :, l, e, a, d, i, n, g, -, t, i, g, h, t,  , l, g, :, t, e, x, t, -, 6, x, l,  , l, g, :, l, e, a, d, i, n, g, -, t, i, g, h, t, "", >, M, y, <, /, h, 2, >, <, /, d, i, v, >, <, /, d, i, v, >, <, d, i, v,  , s, t, y, l, e, =, "", p, o, s, i, t, i, o, n, :, r, e, l, a, t, i, v, e, ;, w, i, d, t, h, :, 1, 0, 0, %, ;, o, v, e, r, f, l, o, w, :, h, i, d, d, e, n, "", >, <, d, i, v,  , s, t, y, l, e, =, "", o, p, a, c, i, t, y, :, 0, ;, t, r, a, n, s, f, o, r, m, :, t, r, a, n, s, l, a, t, e, Y, (, 7, 5, p, x, ),  , t, r, a, n, s, l, a, t, e, Z, (, 0, ), "", >, <, h, 2,  , c, l, a, s, s, =, "", -, m, t, -, 2,  , t, e, x, t, -, 4, x, l,  , f, o, n, t, -, b, o, l, d,  , l, e, a, d, i, n, g, -, t, i, g, h, t,  , t, r, a, c, k, i, n, g, -, t, i, g, h, t, e, r,  , s, m, :, t, e, x, t, -, 5, x, l,  , m, d, :, t, e, x, t, -, 5, x, l,  , m, d, :, l, e, a, d, i, n, g, -, t, i, g, h, t,  , l, g, :, t, e, x, t, -, 6, x, l,  , l, g, :, l, e, a, d, i, n, g, -, t, i, g, h, t, "", >, S, k, i, l, l, s, <, /, h, 2, >, <, /, d, i, v, >, <, /, d, i, v, >, <, /, d, i, v, >, <, p,  , c, l, a, s, s, =, "", m, t, -, 4,  , h, i, d, d, e, n,  , t, e, x, t, -, g, r, a, y, -, 5, 0, 0,  , d, a, r, k, :, t, e, x, t, -, g, r, a, y, -, 4, 0, 0,  , l, g, :, m, t, -, 0,  , l, g, :, b, l, o, c, k,  , l, g, :, w, -, [, 3, 5, %, ], "", >, H, e, r, e,  , a, r, e,  , s, o, m, e,  , o, f,  , m, y,  , s, k, i, l, l, s,  , w, h, e, r, e,  , I, &, #, x, 2, 7, ;, v, e,  , t, u, r, n, e, d,  , k, n, o, w, l, e, d, g, e,  , i, n, t, o,  , e, x, p, e, r, t, i, s, e, ,,  , m, a, k, i, n, g,  , t, h, i, n, g, s,  , h, a, p, p, e, n, ., <, /, p, >, <, /, d, i, v, >, <, d, i, v,  , c, l, a, s, s, =, "", m, t, -, 6, "", >, <, d, i, v,  , c, l, a, s, s, =, "", w, -, f, u, l, l,  , s, p, a, c, e, -, y, -, 4, "",  , d, a, t, a, -, o, r, i, e, n, t, a, t, i, o, n, =, "", v, e, r, t, i, c, a, l, "", >, <, d, i, v,  , c, l, a, s, s, =, "", r, o, u, n, d, e, d, -, l, g,  , b, o, r, d, e, r,  , t, e, x, t, -, c, a, r, d, -, f, o, r, e, g, r, o, u, n, d,  , s, h, a, d, o, w, -, s, m,  , b, g, -, m, u, t, e, d, /, 4, 0, "", >, <, d, i, v,  , c, l, a, s, s, =, "", f, l, e, x,  , f, l, e, x, -, c, o, l,  , i, t, e, m, s, -, s, t, a, r, t,  , p, -, 6, "", >, <, d, i, v,  , d, a, t, a, -, s, t, a, t, e, =, "", c, l, o, s, e, d, "",  , d, a, t, a, -, o, r, i, e, n, t, a, t, i, o, n, =, "", v, e, r, t, i, c, a, l, "",  , c, l, a, s, s, =, "", b, o, r, d, e, r, -, b,  , w, -, f, u, l, l,  , b, o, r, d, e, r, -, n, o, n, e, "", >, <, d, i, v,  , c, l, a, s, s, =, "", f, l, e, x,  , w, -, f, u, l, l,  , i, t, e, m, s, -, c, e, n, t, e, r,  , j, u, s, t, i, f, y, -, b, e, t, w, e, e, n, "", >, <, s, p, a, n,  , c, l, a, s, s, =, "", t, e, x, t, -, l, g,  , f, o, n, t, -, s, e, m, i, b, o, l, d, "", >, (, <, !, -, -,  , -, -, >, 1, <, !, -, -,  , -, -, >, ), <, /, s, p, a, n, >, <, s, v, g,  , x, m, l, n, s, =, "", h, t, t, p, :, /, /, w, w, w, ., w, 3, ., o, r, g, /, 2, 0, 0, 0, /, s, v, g, "",  , w, i, d, t, h, =, "", 2, 4, "",  , h, e, i, g, h, t, =, "", 2, 4, "",  , v, i, e, w, B, o, x, =, "", 0,  , 0,  , 2, 4,  , 2, 4, "",  , f, i, l, l, =, "", n, o, n, e, "",  , s, t, r, o, k, e, =, "", c, u, r, r, e, n, t, C, o, l, o, r, "",  , s, t, r, o, k, e, -, w, i, d, t, h, =, "", 2, "",  , s, t, r, o, k, e, -, l, i, n, e, c, a, p, =, "", r, o, u, n, d, "",  , s, t, r, o, k, e, -, l, i, n, e, j, o, i, n, =, "", r, o, u, n, d, "",  , c, l, a, s, s, =, "", l, u, c, i, d, e,  , l, u, c, i, d, e, -, s, c, a, t, t, e, r, -, c, h, a, r, t,  , h, -, 8,  , w, -, 8, "", >, <, c, i, r, c, l, e,  , c, x, =, "", 7, ., 5, "",  , c, y, =, "", 7, ., 5, "",  , r, =, "", ., 5, "",  , f, i, l, l, =, "", c, u, r, r, e, n, t, C, o, l, o, r, "", >, <, /, c, i, r, c, l, e, >, <, c, i, r, c, l, e,  , c, x, =, "", 1, 8, ., 5, "",  , c, y, =, "", 5, ., 5, "",  , r, =, "", ., 5, "",  , f, i, l, l, =, "", c, u, r, r, e, n, t, C, o, l, o, r, "", >, <, /, c, i, r, c, l, e, >, <, c, i, r, c, l, e,  , c, x, =, "", 1, 1, ., 5, "",  , c, y, =, "", 1, 1, ., 5, "",  , r, =, "", ., 5, "",  , f, i, l, l, =, "", c, u, r, r, e, n, t, C, o, l, o, r, "", >, <, /, c, i, r, c, l, e, >, <, c, i, r, c, l, e,  , c, x, =, "", 7, ., 5, "",  , c, y, =, "", 1, 6, ., 5, "",  , r, =, "", ., 5, "",  , f, i, l, l, =, "", c, u, r, r, e, n, t, C, o, l, o, r, "", >, <, /, c, i, r, c, l, e, >, <, c, i, r, c, l, e,  , c, x, =, "", 1, 7, ., 5, "",  , c, y, =, "", 1, 4, ., 5, "",  , r, =, "", ., 5, "",  , f, i, l, l, =, "", c, u, r, r, e, n, t, C, o, l, o, r, "", >, <, /, c, i, r, c, l, e, >, <, p, a, t, h,  , d, =, "", M, 3,  , 3, v, 1, 8, h, 1, 8, "", >, <, /, p, a, t, h, >, <, /, s, v, g, >, <, /, d, i, v, >, <, d, i, v,  , c, l, a, s, s, =, "", g, r, i, d,  , g, a, p, -, 0, ., 5, "", >, <, h, 3,  , c, l, a, s, s, =, "", m, t, -, 2,  , t, e, x, t, -, 2, x, l,  , f, o, n, t, -, b, o, l, d,  , l, e, a, d, i, n, g, -, 8,  , t, r, a, c, k, i, n, g, -, t, i, g, h, t, "", >, D, a, t, a,  , S, c, i, e, n, c, e,  , a, n, d,  , E, n, g, i, n, e, e, r, i, n, g, <, /, h, 3, >, <, p,  , c, l, a, s, s, =, "", m, t, -, 2,  , t, e, x, t, -, b, a, s, e,  , t, e, x, t, -, m, u, t, e, d, -, f, o, r, e, g, r, o, u, n, d, "", >, D, a, t, a,  , S, c, i, e, n, c, e,  , a, n, d,  , E, n, g, i, n, e, e, r, i, n, g,  , i, n, v, o, l, v, e, s,  , e, x, t, r, a, c, t, i, n, g,  , i, n, s, i, g, h, t, s,  , a, n, d,  , k, n, o, w, l, e, d, g, e,  , f, r, o, m,  , d, a, t, a,  , u, s, i, n, g,  , s, t, a, t, i, s, t, i, c, a, l, ,,  , c, o, m, p, u, t, a, t, i, o, n, a, l, ,,  , a, n, d,  , e, n, g, i, n, e, e, r, i, n, g,  , t, e, c, h, n, i, q, u, e, s, .,  , I, t,  , e, n, c, o, m, p, a, s, s, e, s,  , d, a, t, a,  , c, o, l, l, e, c, t, i, o, n, ,,  , c, l, e, a, n, i, n, g, ,,  , a, n, a, l, y, s, i, s, ,,  , a, n, d,  , t, h, e,  , a, p, p, l, i, c, a, t, i, o, n,  , o, f,  , m, a, c, h, i, n, e,  , l, e, a, r, n, i, n, g,  , m, o, d, e, l, s,  , t, o,  , s, o, l, v, e,  , c, o, m, p, l, e, x,  , p, r, o, b, l, e, m, s, ., <, /, p, >, <, /, d, i, v, >, <, /, d, i, v, >, <, /, d, i, v, >, <, /, d, i, v, >, <, d, i, v,  , c, l, a, s, s, =, "", r, o, u, n, d, e, d, -, l, g,  , b, o, r, d, e, r,  , t, e, x, t, -, c, a, r, d, -, f, o, r, e, g, r, o, u, n, d,  , s, h, a, d, o, w, -, s, m,  , b, g, -, m, u, t, e, d, /, 4, 0, "", >, <, d, i, v,  , c, l, a, s, s, =, "", f, l, e, x,  , f, l, e, x, -, c, o, l,  , i, t, e, m, s, -, s, t, a, r, t,  , p, -, 6, "", >, <, d, i, v,  , d, a, t, a, -, s, t, a, t, e, =, "", c, l, o, s, e, d, "",  , d, a, t, a, -, o, r, i, e, n, t, a, t, i, o, n, =, "", v, e, r, t, i, c, a, l, "",  , c, l, a, s, s, =, "", b, o, r, d, e, r, -, b,  , w, -, f, u, l, l,  , b, o, r, d, e, r, -, n, o, n, e, "", >, <, d, i, v,  , c, l, a, s, s, =, "", f, l, e, x,  , w, -, f, u, l, l,  , i, t, e, m, s, -, c, e, n, t, e, r,  , j, u, s, t, i, f, y, -, b, e, t, w, e, e, n, "", >, <, s, p, a, n,  , c, l, a, s, s, =, "", t, e, x, t, -, l, g,  , f, o, n, t, -, s, e, m, i, b, o, l, d, "", >, (, <, !, -, -,  , -, -, >, 2, <, !, -, -,  , -, -, >, ), <, /, s, p, a, n, >, <, s, v, g,  , x, m, l, n, s, =, "", h, t, t, p, :, /, /, w, w, w, ., w, 3, ., o, r, g, /, 2, 0, 0, 0, /, s, v, g, "",  , w, i, d, t, h, =, "", 2, 4, "",  , h, e, i, g, h, t, =, "", 2, 4, "",  , v, i, e, w, B, o, x, =, "", 0,  , 0,  , 2, 4,  , 2, 4, "",  , f, i, l, l, =, "", n, o, n, e, "",  , s, t, r, o, k, e, =, "", c, u, r, r, e, n, t, C, o, l, o, r, "",  , s, t, r, o, k, e, -, w, i, d, t, h, =, "", 2, "",  , s, t, r, o, k, e, -, l, i, n, e, c, a, p, =, "", r, o, u, n, d, "",  , s, t, r, o, k, e, -, l, i, n, e, j, o, i, n, =, "", r, o, u, n, d, "",  , c, l, a, s, s, =, "", l, u, c, i, d, e,  , l, u, c, i, d, e, -, b, r, a, i, n, -, c, i, r, c, u, i, t,  , h, -, 8,  , w, -, 8, "", >, <, p, a, t, h,  , d, =, "", M, 1, 2,  , 5, a, 3,  , 3,  , 0,  , 1,  , 0, -, 5, ., 9, 9, 7, ., 1, 2, 5,  , 4,  , 4,  , 0,  , 0,  , 0, -, 2, ., 5, 2, 6,  , 5, ., 7, 7,  , 4,  , 4,  , 0,  , 0,  , 0,  , ., 5, 5, 6,  , 6, ., 5, 8, 8, A, 4,  , 4,  , 0,  , 1,  , 0,  , 1, 2,  , 1, 8, Z, "", >, <, /, p, a, t, h, >, <, p, a, t, h,  , d, =, "", M, 9,  , 1, 3, a, 4, ., 5,  , 4, ., 5,  , 0,  , 0,  , 0,  , 3, -, 4, "", >, <, /, p, a, t, h, >, <, p, a, t, h,  , d, =, "", M, 6, ., 0, 0, 3,  , 5, ., 1, 2, 5, A, 3,  , 3,  , 0,  , 0,  , 0,  , 6, ., 4, 0, 1,  , 6, ., 5, "", >, <, /, p, a, t, h, >, <, p, a, t, h,  , d, =, "", M, 3, ., 4, 7, 7,  , 1, 0, ., 8, 9, 6, a, 4,  , 4,  , 0,  , 0,  , 1,  , ., 5, 8, 5, -, ., 3, 9, 6, "", >, <, /, p, a, t, h, >, <, p, a, t, h,  , d, =, "", M, 6,  , 1, 8, a, 4,  , 4,  , 0,  , 0,  , 1, -, 1, ., 9, 6, 7, -, ., 5, 1, 6, "", >, <, /, p, a, t, h, >, <, p, a, t, h,  , d, =, "", M, 1, 2,  , 1, 3, h, 4, "", >, <, /, p, a, t, h, >, <, p, a, t, h,  , d, =, "", M, 1, 2,  , 1, 8, h, 6, a, 2,  , 2,  , 0,  , 0,  , 1,  , 2,  , 2, v, 1, "", >, <, /, p, a, t, h, >, <, p, a, t, h,  , d, =, "", M, 1, 2,  , 8, h, 8, "", >, <, /, p, a, t, h, >, <, p, a, t, h,  , d, =, "", M, 1, 6,  , 8, V, 5, a, 2,  , 2,  , 0,  , 0,  , 1,  , 2, -, 2, "", >, <, /, p, a, t, h, >, <, c, i, r, c, l, e,  , c, x, =, "", 1, 6, "",  , c, y, =, "", 1, 3, "",  , r, =, "", ., 5, "", >, <, /, c, i, r, c, l, e, >, <, c, i, r, c, l, e,  , c, x, =, "", 1, 8, "",  , c, y, =, "", 3, "",  , r, =, "", ., 5, "", >, <, /, c, i, r, c, l, e, >, <, c, i, r, c, l, e,  , c, x, =, "", 2, 0, "",  , c, y, =, "", 2, 1, "",  , r, =, "", ., 5, "", >, <, /, c, i, r, c, l, e, >, <, c, i, r, c, l, e,  , c, x, =, "", 2, 0, "",  , c, y, =, "", 8, "",  , r, =, "", ., 5, "", >, <, /, c, i, r, c, l, e, >, <, /, s, v, g, >, <, /, d, i, v, >, <, d, i, v,  , c, l, a, s, s, =, "", g, r, i, d,  , g, a, p, -, 0, ., 5, "", >, <, h, 3,  , c, l, a, s, s, =, "", m, t, -, 2,  , t, e, x, t, -, 2, x, l,  , f, o, n, t, -, b, o, l, d,  , l, e, a, d, i, n, g, -, 8,  , t, r, a, c, k, i, n, g, -, t, i, g, h, t, "", >, M, a, c, h, i, n, e,  , L, e, a, r, n, i, n, g,  , a, n, d,  , D, e, e, p,  , L, e, a, r, n, i, n, g, <, /, h, 3, >, <, p,  , c, l, a, s, s, =, "", m, t, -, 2,  , t, e, x, t, -, b, a, s, e,  , t, e, x, t, -, m, u, t, e, d, -, f, o, r, e, g, r, o, u, n, d, "", >, M, a, c, h, i, n, e,  , L, e, a, r, n, i, n, g,  , a, n, d,  , D, e, e, p,  , L, e, a, r, n, i, n, g,  , f, o, c, u, s,  , o, n,  , b, u, i, l, d, i, n, g,  , a, l, g, o, r, i, t, h, m, s,  , a, n, d,  , n, e, u, r, a, l,  , n, e, t, w, o, r, k, s,  , t, h, a, t,  , e, n, a, b, l, e,  , c, o, m, p, u, t, e, r, s,  , t, o,  , l, e, a, r, n,  , f, r, o, m,  , a, n, d,  , m, a, k, e,  , d, e, c, i, s, i, o, n, s,  , b, a, s, e, d,  , o, n,  , d, a, t, a, .,  , T, h, i, s,  , s, k, i, l, l,  , i, n, c, l, u, d, e, s,  , a,  , r, a, n, g, e,  , o, f,  , t, e, c, h, n, i, q, u, e, s,  , a, n, d,  , f, r, a, m, e, w, o, r, k, s,  , t, o,  , c, r, e, a, t, e,  , m, o, d, e, l, s,  , f, o, r,  , v, a, r, i, o, u, s,  , t, a, s, k, s, ., <, /, p, >, <, /, d, i, v, >, <, /, d, i, v, >, <, /, d, i, v, >, <, /, d, i, v, >, <, d, i, v,  , c, l, a, s, s, =, "", r, o, u, n, d, e, d, -, l, g,  , b, o, r, d, e, r,  , t, e, x, t, -, c, a, r, d, -, f, o, r, e, g, r, o, u, n, d,  , s, h, a, d, o, w, -, s, m,  , b, g, -, m, u, t, e, d, /, 4, 0, "", >, <, d, i, v,  , c, l, a, s, s, =, "", f, l, e, x,  , f, l, e, x, -, c, o, l,  , i, t, e, m, s, -, s, t, a, r, t,  , p, -, 6, "", >, <, d, i, v,  , d, a, t, a, -, s, t, a, t, e, =, "", c, l, o, s, e, d, "",  , d, a, t, a, -, o, r, i, e, n, t, a, t, i, o, n, =, "", v, e, r, t, i, c, a, l, "",  , c, l, a, s, s, =, "", b, o, r, d, e, r, -, b,  , w, -, f, u, l, l,  , b, o, r, d, e, r, -, n, o, n, e, "", >, <, d, i, v,  , c, l, a, s, s, =, "", f, l, e, x,  , w, -, f, u, l, l,  , i, t, e, m, s, -, c, e, n, t, e, r,  , j, u, s, t, i, f, y, -, b, e, t, w, e, e, n, "", >, <, s, p, a, n,  , c, l, a, s, s, =, "", t, e, x, t, -, l, g,  , f, o, n, t, -, s, e, m, i, b, o, l, d, "", >, (, <, !, -, -,  , -, -, >, 3, <, !, -, -,  , -, -, >, ), <, /, s, p, a, n, >, <, s, v, g,  , x, m, l, n, s, =, "", h, t, t, p, :, /, /, w, w, w, ., w, 3, ., o, r, g, /, 2, 0, 0, 0, /, s, v, g, "",  , w, i, d, t, h, =, "", 2, 4, "",  , h, e, i, g, h, t, =, "", 2, 4, "",  , v, i, e, w, B, o, x, =, "", 0,  , 0,  , 2, 4,  , 2, 4, "",  , f, i, l, l, =, "", n, o, n, e, "",  , s, t, r, o, k, e, =, "", c, u, r, r, e, n, t, C, o, l, o, r, "",  , s, t, r, o, k, e, -, w, i, d, t, h, =, "", 2, "",  , s, t, r, o, k, e, -, l, i, n, e, c, a, p, =, "", r, o, u, n, d, "",  , s, t, r, o, k, e, -, l, i, n, e, j, o, i, n, =, "", r, o, u, n, d, "",  , c, l, a, s, s, =, "", l, u, c, i, d, e,  , l, u, c, i, d, e, -, a, r, r, o, w, -, d, o, w, n, -, n, a, r, r, o, w, -, w, i, d, e,  , h, -, 8,  , w, -, 8, "", >, <, p, a, t, h,  , d, =, "", m, 3,  , 1, 6,  , 4,  , 4,  , 4, -, 4, "", >, <, /, p, a, t, h, >, <, p, a, t, h,  , d, =, "", M, 7,  , 2, 0, V, 4, "", >, <, /, p, a, t, h, >, <, p, a, t, h,  , d, =, "", M, 1, 1,  , 4, h, 4, "", >, <, /, p, a, t, h, >, <, p, a, t, h,  , d, =, "", M, 1, 1,  , 8, h, 7, "", >, <, /, p, a, t, h, >, <, p, a, t, h,  , d, =, "", M, 1, 1,  , 1, 2, h, 1, 0, "", >, <, /, p, a, t, h, >, <, /, s, v, g, >, <, /, d, i, v, >, <, d, i, v,  , c, l, a, s, s, =, "", g, r, i, d,  , g, a, p, -, 0, ., 5, "", >, <, h, 3,  , c, l, a, s, s, =, "", m, t, -, 2,  , t, e, x, t, -, 2, x, l,  , f, o, n, t, -, b, o, l, d,  , l, e, a, d, i, n, g, -, 8,  , t, r, a, c, k, i, n, g, -, t, i, g, h, t, "", >, L, L, M, s,  , a, n, d,  , N, a, t, u, r, a, l,  , L, a, n, g, u, a, g, e,  , P, r, o, c, e, s, s, i, n, g, <, /, h, 3, >, <, p,  , c, l, a, s, s, =, "", m, t, -, 2,  , t, e, x, t, -, b, a, s, e,  , t, e, x, t, -, m, u, t, e, d, -, f, o, r, e, g, r, o, u, n, d, "", >, L, L, M, s,  , a, n, d,  , N, L, P,  , i, n, v, o, l, v, e,  , t, r, a, i, n, i, n, g,  , a, n, d,  , u, s, i, n, g,  , l, a, r, g, e,  , l, a, n, g, u, a, g, e,  , m, o, d, e, l, s,  , a, n, d,  , o, t, h, e, r,  , t, e, c, h, n, i, q, u, e, s,  , t, o,  , u, n, d, e, r, s, t, a, n, d, ,,  , i, n, t, e, r, p, r, e, t, ,,  , a, n, d,  , g, e, n, e, r, a, t, e,  , h, u, m, a, n,  , l, a, n, g, u, a, g, e, .,  , T, h, i, s,  , s, k, i, l, l,  , i, n, c, l, u, d, e, s,  , t, a, s, k, s,  , s, u, c, h,  , a, s,  , t, e, x, t,  , c, l, a, s, s, i, f, i, c, a, t, i, o, n, ,,  , s, e, n, t, i, m, e, n, t,  , a, n, a, l, y, s, i, s, ,,  , m, a, c, h, i, n, e,  , t, r, a, n, s, l, a, t, i, o, n, ,,  , a, n, d,  , m, o, r, e, ., <, /, p, >, <, /, d, i, v, >, <, /, d, i, v, >, <, /, d, i, v, >, <, /, d, i, v, >, <, d, i, v,  , c, l, a, s, s, =, "", r, o, u, n, d, e, d, -, l, g,  , b, o, r, d, e, r,  , t, e, x, t, -, c, a, r, d, -, f, o, r, e, g, r, o, u, n, d,  , s, h, a, d, o, w, -, s, m,  , b, g, -, m, u, t, e, d, /, 4, 0, "", >, <, d, i, v,  , c, l, a, s, s, =, "", f, l, e, x,  , f, l, e, x, -, c, o, l,  , i, t, e, m, s, -, s, t, a, r, t,  , p, -, 6, "", >, <, d, i, v,  , d, a, t, a, -, s, t, a, t, e, =, "", c, l, o, s, e, d, "",  , d, a, t, a, -, o, r, i, e, n, t, a, t, i, o, n, =, "", v, e, r, t, i, c, a, l, "",  , c, l, a, s, s, =, "", b, o, r, d, e, r, -, b,  , w, -, f, u, l, l,  , b, o, r, d, e, r, -, n, o, n, e, "", >, <, d, i, v,  , c, l, a, s, s, =, "", f, l, e, x,  , w, -, f, u, l, l,  , i, t, e, m, s, -, c, e, n, t, e, r,  , j, u, s, t, i, f, y, -, b, e, t, w, e, e, n, "", >, <, s, p, a, n,  , c, l, a, s, s, =, "", t, e, x, t, -, l, g,  , f, o, n, t, -, s, e, m, i, b, o, l, d, "", >, (, <, !, -, -,  , -, -, >, 4, <, !, -, -,  , -, -, >, ), <, /, s, p, a, n, >, <, s, v, g,  , x, m, l, n, s, =, "", h, t, t, p, :, /, /, w, w, w, ., w, 3, ., o, r, g, /, 2, 0, 0, 0, /, s, v, g, "",  , w, i, d, t, h, =, "", 2, 4, "",  , h, e, i, g, h, t, =, "", 2, 4, "",  , v, i, e, w, B, o, x, =, "", 0,  , 0,  , 2, 4,  , 2, 4, "",  , f, i, l, l, =, "", n, o, n, e, "",  , s, t, r, o, k, e, =, "", c, u, r, r, e, n, t, C, o, l, o, r, "",  , s, t, r, o, k, e, -, w, i, d, t, h, =, "", 2, "",  , s, t, r, o, k, e, -, l, i, n, e, c, a, p, =, "", r, o, u, n, d, "",  , s, t, r, o, k, e, -, l, i, n, e, j, o, i, n, =, "", r, o, u, n, d, "",  , c, l, a, s, s, =, "", l, u, c, i, d, e,  , l, u, c, i, d, e, -, c, l, o, u, d, -, u, p, l, o, a, d,  , h, -, 8,  , w, -, 8, "", >, <, p, a, t, h,  , d, =, "", M, 4,  , 1, 4, ., 8, 9, 9, A, 7,  , 7,  , 0,  , 1,  , 1,  , 1, 5, ., 7, 1,  , 8, h, 1, ., 7, 9, a, 4, ., 5,  , 4, ., 5,  , 0,  , 0,  , 1,  , 2, ., 5,  , 8, ., 2, 4, 2, "", >, <, /, p, a, t, h, >, <, p, a, t, h,  , d, =, "", M, 1, 2,  , 1, 2, v, 9, "", >, <, /, p, a, t, h, >, <, p, a, t, h,  , d, =, "", m, 1, 6,  , 1, 6, -, 4, -, 4, -, 4,  , 4, "", >, <, /, p, a, t, h, >, <, /, s, v, g, >, <, /, d, i, v, >, <, d, i, v,  , c, l, a, s, s, =, "", g, r, i, d,  , g, a, p, -, 0, ., 5, "", >, <, h, 3,  , c, l, a, s, s, =, "", m, t, -, 2,  , t, e, x, t, -, 2, x, l,  , f, o, n, t, -, b, o, l, d,  , l, e, a, d, i, n, g, -, 8,  , t, r, a, c, k, i, n, g, -, t, i, g, h, t, "", >, C, l, o, u, d,  , C, o, m, p, u, t, i, n, g, <, /, h, 3, >, <, p,  , c, l, a, s, s, =, "", m, t, -, 2,  , t, e, x, t, -, b, a, s, e,  , t, e, x, t, -, m, u, t, e, d, -, f, o, r, e, g, r, o, u, n, d, "", >, C, l, o, u, d,  , C, o, m, p, u, t, i, n, g,  , e, n, t, a, i, l, s,  , d, e, l, i, v, e, r, i, n, g,  , c, o, m, p, u, t, i, n, g,  , s, e, r, v, i, c, e, s,  , l, i, k, e,  , s, t, o, r, a, g, e, ,,  , p, r, o, c, e, s, s, i, n, g, ,,  , a, n, d,  , n, e, t, w, o, r, k, i, n, g,  , o, v, e, r,  , t, h, e,  , i, n, t, e, r, n, e, t, .,  , T, h, i, s,  , s, k, i, l, l,  , i, n, c, l, u, d, e, s,  , d, e, p, l, o, y, i, n, g, ,,  , m, a, n, a, g, i, n, g, ,,  , a, n, d,  , s, c, a, l, i, n, g,  , a, p, p, l, i, c, a, t, i, o, n, s,  , o, n,  , c, l, o, u, d,  , p, l, a, t, f, o, r, m, s, ,,  , l, e, v, e, r, a, g, i, n, g,  , t, e, c, h, n, o, l, o, g, i, e, s,  , a, n, d,  , b, e, s, t,  , p, r, a, c, t, i, c, e, s,  , f, o, r,  , e, f, f, i, c, i, e, n, t,  , a, n, d,  , s, e, c, u, r, e,  , c, l, o, u, d,  , o, p, e, r, a, t, i, o, n, s, ., <, /, p, >, <, /, d, i, v, >, <, /, d, i, v, >, <, /, d, i, v, >, <, /, d, i, v, >, <, d, i, v,  , c, l, a, s, s, =, "", r, o, u, n, d, e, d, -, l, g,  , b, o, r, d, e, r,  , t, e, x, t, -, c, a, r, d, -, f, o, r, e, g, r, o, u, n, d,  , s, h, a, d, o, w, -, s, m,  , b, g, -, m, u, t, e, d, /, 4, 0, "", >, <, d, i, v,  , c, l, a, s, s, =, "", f, l, e, x,  , f, l, e, x, -, c, o, l,  , i, t, e, m, s, -, s, t, a, r, t,  , p, -, 6, "", >, <, d, i, v,  , d, a, t, a, -, s, t, a, t, e, =, "", c, l, o, s, e, d, "",  , d, a, t, a, -, o, r, i, e, n, t, a, t, i, o, n, =, "", v, e, r, t, i, c, a, l, "",  , c, l, a, s, s, =, "", b, o, r, d, e, r, -, b,  , w, -, f, u, l, l,  , b, o, r, d, e, r, -, n, o, n, e, "", >, <, d, i, v,  , c, l, a, s, s, =, "", f, l, e, x,  , w, -, f, u, l, l,  , i, t, e, m, s, -, c, e, n, t, e, r,  , j, u, s, t, i, f, y, -, b, e, t, w, e, e, n, "", >, <, s, p, a, n,  , c, l, a, s, s, =, "", t, e, x, t, -, l, g,  , f, o, n, t, -, s, e, m, i, b, o, l, d, "", >, (, <, !, -, -,  , -, -, >, 5, <, !, -, -,  , -, -, >, ), <, /, s, p, a, n, >, <, s, v, g,  , x, m, l, n, s, =, "", h, t, t, p, :, /, /, w, w, w, ., w, 3, ., o, r, g, /, 2, 0, 0, 0, /, s, v, g, "",  , w, i, d, t, h, =, "", 2, 4, "",  , h, e, i, g, h, t, =, "", 2, 4, "",  , v, i, e, w, B, o, x, =, "", 0,  , 0,  , 2, 4,  , 2, 4, "",  , f, i, l, l, =, "", n, o, n, e, "",  , s, t, r, o, k, e, =, "", c, u, r, r, e, n, t, C, o, l, o, r, "",  , s, t, r, o, k, e, -, w, i, d, t, h, =, "", 2, "",  , s, t, r, o, k, e, -, l, i, n, e, c, a, p, =, "", r, o, u, n, d, "",  , s, t, r, o, k, e, -, l, i, n, e, j, o, i, n, =, "", r, o, u, n, d, "",  , c, l, a, s, s, =, "", l, u, c, i, d, e,  , l, u, c, i, d, e, -, e, y, e,  , h, -, 8,  , w, -, 8, "", >, <, p, a, t, h,  , d, =, "", M, 2,  , 1, 2, s, 3, -, 7,  , 1, 0, -, 7,  , 1, 0,  , 7,  , 1, 0,  , 7, -, 3,  , 7, -, 1, 0,  , 7, -, 1, 0, -, 7, -, 1, 0, -, 7, Z, "", >, <, /, p, a, t, h, >, <, c, i, r, c, l, e,  , c, x, =, "", 1, 2, "",  , c, y, =, "", 1, 2, "",  , r, =, "", 3, "", >, <, /, c, i, r, c, l, e, >, <, /, s, v, g, >, <, /, d, i, v, >, <, d, i, v,  , c, l, a, s, s, =, "", g, r, i, d,  , g, a, p, -, 0, ., 5, "", >, <, h, 3,  , c, l, a, s, s, =, "", m, t, -, 2,  , t, e, x, t, -, 2, x, l,  , f, o, n, t, -, b, o, l, d,  , l, e, a, d, i, n, g, -, 8,  , t, r, a, c, k, i, n, g, -, t, i, g, h, t, "", >, C, o, m, p, u, t, e, r,  , V, i, s, i, o, n, <, /, h, 3, >, <, p,  , c, l, a, s, s, =, "", m, t, -, 2,  , t, e, x, t, -, b, a, s, e,  , t, e, x, t, -, m, u, t, e, d, -, f, o, r, e, g, r, o, u, n, d, "", >, C, o, m, p, u, t, e, r,  , V, i, s, i, o, n,  , i, n, v, o, l, v, e, s,  , t, r, a, i, n, i, n, g,  , c, o, m, p, u, t, e, r, s,  , t, o,  , i, n, t, e, r, p, r, e, t,  , a, n, d,  , m, a, k, e,  , d, e, c, i, s, i, o, n, s,  , b, a, s, e, d,  , o, n,  , v, i, s, u, a, l,  , d, a, t, a,  , f, r, o, m,  , t, h, e,  , w, o, r, l, d, .,  , T, h, i, s,  , s, k, i, l, l,  , i, n, c, l, u, d, e, s,  , t, a, s, k, s,  , s, u, c, h,  , a, s,  , i, m, a, g, e,  , c, l, a, s, s, i, f, i, c, a, t, i, o, n, ,,  , o, b, j, e, c, t,  , d, e, t, e, c, t, i, o, n, ,,  , i, m, a, g, e,  , s, e, g, m, e, n, t, a, t, i, o, n, ,,  , a, n, d,  , f, a, c, i, a, l,  , r, e, c, o, g, n, i, t, i, o, n, ., <, /, p, >, <, /, d, i, v, >, <, /, d, i, v, >, <, /, d, i, v, >, <, /, d, i, v, >, <, d, i, v,  , c, l, a, s, s, =, "", r, o, u, n, d, e, d, -, l, g,  , b, o, r, d, e, r,  , t, e, x, t, -, c, a, r, d, -, f, o, r, e, g, r, o, u, n, d,  , s, h, a, d, o, w, -, s, m,  , b, g, -, m, u, t, e, d, /, 4, 0, "", >, <, d, i, v,  , c, l, a, s, s, =, "", f, l, e, x,  , f, l, e, x, -, c, o, l,  , i, t, e, m, s, -, s, t, a, r, t,  , p, -, 6, "", >, <, d, i, v,  , d, a, t, a, -, s, t, a, t, e, =, "", c, l, o, s, e, d, "",  , d, a, t, a, -, o, r, i, e, n, t, a, t, i, o, n, =, "", v, e, r, t, i, c, a, l, "",  , c, l, a, s, s, =, "", b, o, r, d, e, r, -, b,  , w, -, f, u, l, l,  , b, o, r, d, e, r, -, n, o, n, e, "", >, <, d, i, v,  , c, l, a, s, s, =, "", f, l, e, x,  , w, -, f, u, l, l,  , i, t, e, m, s, -, c, e, n, t, e, r,  , j, u, s, t, i, f, y, -, b, e, t, w, e, e, n, "", >, <, s, p, a, n,  , c, l, a, s, s, =, "", t, e, x, t, -, l, g,  , f, o, n, t, -, s, e, m, i, b, o, l, d, "", >, (, <, !, -, -,  , -, -, >, 6, <, !, -, -,  , -, -, >, ), <, /, s, p, a, n, >, <, s, v, g,  , x, m, l, n, s, =, "", h, t, t, p, :, /, /, w, w, w, ., w, 3, ., o, r, g, /, 2, 0, 0, 0, /, s, v, g, "",  , w, i, d, t, h, =, "", 2, 4, "",  , h, e, i, g, h, t, =, "", 2, 4, "",  , v, i, e, w, B, o, x, =, "", 0,  , 0,  , 2, 4,  , 2, 4, "",  , f, i, l, l, =, "", n, o, n, e, "",  , s, t, r, o, k, e, =, "", c, u, r, r, e, n, t, C, o, l, o, r, "",  , s, t, r, o, k, e, -, w, i, d, t, h, =, "", 2, "",  , s, t, r, o, k, e, -, l, i, n, e, c, a, p, =, "", r, o, u, n, d, "",  , s, t, r, o, k, e, -, l, i, n, e, j, o, i, n, =, "", r, o, u, n, d, "",  , c, l, a, s, s, =, "", l, u, c, i, d, e,  , l, u, c, i, d, e, -, d, a, t, a, b, a, s, e,  , h, -, 8,  , w, -, 8, "", >, <, e, l, l, i, p, s, e,  , c, x, =, "", 1, 2, "",  , c, y, =, "", 5, "",  , r, x, =, "", 9, "",  , r, y, =, "", 3, "", >, <, /, e, l, l, i, p, s, e, >, <, p, a, t, h,  , d, =, "", M, 3,  , 5, V, 1, 9, A, 9,  , 3,  , 0,  , 0,  , 0,  , 2, 1,  , 1, 9, V, 5, "", >, <, /, p, a, t, h, >, <, p, a, t, h,  , d, =, "", M, 3,  , 1, 2, A, 9,  , 3,  , 0,  , 0,  , 0,  , 2, 1,  , 1, 2, "", >, <, /, p, a, t, h, >, <, /, s, v, g, >, <, /, d, i, v, >, <, d, i, v,  , c, l, a, s, s, =, "", g, r, i, d,  , g, a, p, -, 0, ., 5, "", >, <, h, 3,  , c, l, a, s, s, =, "", m, t, -, 2,  , t, e, x, t, -, 2, x, l,  , f, o, n, t, -, b, o, l, d,  , l, e, a, d, i, n, g, -, 8,  , t, r, a, c, k, i, n, g, -, t, i, g, h, t, "", >, D, a, t, a, b, a, s, e,  , M, a, n, a, g, e, m, e, n, t, <, /, h, 3, >, <, p,  , c, l, a, s, s, =, "", m, t, -, 2,  , t, e, x, t, -, b, a, s, e,  , t, e, x, t, -, m, u, t, e, d, -, f, o, r, e, g, r, o, u, n, d, "", >, D, a, t, a, b, a, s, e,  , M, a, n, a, g, e, m, e, n, t,  , i, n, v, o, l, v, e, s,  , t, h, e,  , e, f, f, i, c, i, e, n, t,  , s, t, o, r, a, g, e, ,,  , r, e, t, r, i, e, v, a, l, ,,  , a, n, d,  , m, a, n, i, p, u, l, a, t, i, o, n,  , o, f,  , l, a, r, g, e,  , s, c, a, l, e,  , d, a, t, a, .,  , T, h, i, s,  , s, k, i, l, l,  , c, o, v, e, r, s,  , a,  , r, a, n, g, e,  , o, f,  , t, e, c, h, n, o, l, o, g, i, e, s,  , a, n, d,  , b, e, s, t,  , p, r, a, c, t, i, c, e, s,  , t, o,  , e, n, s, u, r, e,  , d, a, t, a,  , i, n, t, e, g, r, i, t, y, ,,  , s, e, c, u, r, i, t, y, ,,  , a, n, d,  , o, p, t, i, m, a, l,  , p, e, r, f, o, r, m, a, n, c, e,  , i, n,  , h, a, n, d, l, i, n, g,  , l, a, r, g, e,  , d, a, t, a, s, e, t, s, ., <, /, p, >, <, /, d, i, v, >, <, /, d, i, v, >, <, /, d, i, v, >, <, /, d, i, v, >, <, /, d, i, v, >, <, /, d, i, v, >, <, /, d, i, v, >, <, /, s, e, c, t, i, o, n, >, <, s, e, c, t, i, o, n,  , c, l, a, s, s, =, "", w, -, f, u, l, l,  , p, y, -, 2, 4,  , l, g, :, p, y, -, 3, 2,  , a, p, p, _, _, f, l, e, x, "",  , i, d, =, "", p, r, o, j, e, c, t, s, "", >, <, d, i, v,  , c, l, a, s, s, =, "", s, p, a, c, e, -, y, -, 4,  , p, x, -, 4,  , m, d, :, s, p, a, c, e, -, y, -, 6,  , m, d, :, p, x, -, 6,  , l, g, :, s, p, a, c, e, -, y, -, 1, 0, "", >, <, d, i, v,  , c, l, a, s, s, =, "", f, l, e, x,  , w, -, f, u, l, l,  , f, l, e, x, -, c, o, l,  , i, t, e, m, s, -, c, e, n, t, e, r,  , j, u, s, t, i, f, y, -, c, e, n, t, e, r,  , t, e, x, t, -, c, e, n, t, e, r,  , l, g, :, f, l, e, x, -, r, o, w,  , l, g, :, j, u, s, t, i, f, y, -, b, e, t, w, e, e, n,  , l, g, :, t, e, x, t, -, l, e, f, t, "", >, <, d, i, v,  , c, l, a, s, s, =, "", f, l, e, x,  , f, l, e, x, -, c, o, l,  , i, t, e, m, s, -, c, e, n, t, e, r,  , l, g, :, i, t, e, m, s, -, s, t, a, r, t, "", >, <, d, i, v,  , s, t, y, l, e, =, "", p, o, s, i, t, i, o, n, :, r, e, l, a, t, i, v, e, ;, w, i, d, t, h, :, 1, 0, 0, %, ;, o, v, e, r, f, l, o, w, :, h, i, d, d, e, n, "", >, <, d, i, v,  , s, t, y, l, e, =, "", o, p, a, c, i, t, y, :, 0, ;, t, r, a, n, s, f, o, r, m, :, t, r, a, n, s, l, a, t, e, Y, (, 7, 5, p, x, ),  , t, r, a, n, s, l, a, t, e, Z, (, 0, ), "", >, <, h, 2,  , c, l, a, s, s, =, "", t, e, x, t, -, 4, x, l,  , f, o, n, t, -, b, o, l, d,  , l, e, a, d, i, n, g, -, t, i, g, h, t,  , t, r, a, c, k, i, n, g, -, t, i, g, h, t, e, r,  , s, m, :, t, e, x, t, -, 5, x, l,  , m, d, :, t, e, x, t, -, 5, x, l,  , m, d, :, l, e, a, d, i, n, g, -, t, i, g, h, t,  , l, g, :, t, e, x, t, -, 6, x, l,  , l, g, :, l, e, a, d, i, n, g, -, t, i, g, h, t, "", >, P, r, o, j, e, c, t, <, /, h, 2, >, <, /, d, i, v, >, <, /, d, i, v, >, <, d, i, v,  , s, t, y, l, e, =, "", p, o, s, i, t, i, o, n, :, r, e, l, a, t, i, v, e, ;, w, i, d, t, h, :, 1, 0, 0, %, ;, o, v, e, r, f, l, o, w, :, h, i, d, d, e, n, "", >, <, d, i, v,  , s, t, y, l, e, =, "", o, p, a, c, i, t, y, :, 0, ;, t, r, a, n, s, f, o, r, m, :, t, r, a, n, s, l, a, t, e, Y, (, 7, 5, p, x, ),  , t, r, a, n, s, l, a, t, e, Z, (, 0, ), "", >, <, h, 2,  , c, l, a, s, s, =, "", -, m, t, -, 2,  , t, e, x, t, -, 4, x, l,  , f, o, n, t, -, b, o, l, d,  , l, e, a, d, i, n, g, -, t, i, g, h, t,  , t, r, a, c, k, i, n, g, -, t, i, g, h, t, e, r,  , s, m, :, t, e, x, t, -, 5, x, l,  , m, d, :, t, e, x, t, -, 5, x, l,  , m, d, :, l, e, a, d, i, n, g, -, t, i, g, h, t,  , l, g, :, t, e, x, t, -, 6, x, l,  , l, g, :, l, e, a, d, i, n, g, -, t, i, g, h, t, "", >, H, i, g, h, l, i, g, h, t, s, <, /, h, 2, >, <, /, d, i, v, >, <, /, d, i, v, >, <, /, d, i, v, >, <, p,  , c, l, a, s, s, =, "", m, t, -, 4,  , h, i, d, d, e, n,  , t, e, x, t, -, g, r, a, y, -, 5, 0, 0,  , d, a, r, k, :, t, e, x, t, -, g, r, a, y, -, 4, 0, 0,  , l, g, :, m, t, -, 0,  , l, g, :, b, l, o, c, k,  , l, g, :, w, -, [, 3, 5, %, ], "", >, H, e, r, e,  , a, r, e,  , s, o, m, e,  , o, f,  , m, y,  , p, r, o, j, e, c, t, s,  , w, h, e, r, e,  , I, &, #, x, 2, 7, ;, v, e,  , t, u, r, n, e, d,  , c, o, d, e,  , i, n, t, o,  , c, o, o, l, ,,  , f, u, n, c, t, i, o, n, a, l,  , s, t, u, f, f, ., <, /, p, >, <, /, d, i, v, >, <, d, i, v,  , c, l, a, s, s, =, "", m, t, -, 6,  , g, r, i, d,  , w, -, f, u, l, l,  , g, r, i, d, -, c, o, l, s, -, 1,  , g, a, p, -, 4,  , s, m, :, g, r, i, d, -, c, o, l, s, -, 2, "", >, <, d, i, v,  , c, l, a, s, s, =, "", b, o, r, d, e, r,  , t, e, x, t, -, c, a, r, d, -, f, o, r, e, g, r, o, u, n, d,  , s, h, a, d, o, w, -, s, m,  , g, r, o, u, p,  , r, e, l, a, t, i, v, e,  , f, l, e, x,  , f, l, e, x, -, c, o, l,  , j, u, s, t, i, f, y, -, b, e, t, w, e, e, n,  , o, v, e, r, f, l, o, w, -, h, i, d, d, e, n,  , r, o, u, n, d, e, d, -, m, d,  , b, g, -, m, u, t, e, d, /, 4, 0, "", >, <, d, i, v,  , c, l, a, s, s, =, "", z, -, [, 2, ],  , i, n, l, i, n, e, -, b, l, o, c, k,  , w, -, f, u, l, l,  , o, v, e, r, f, l, o, w, -, h, i, d, d, e, n,  , p, -, 0, "", >, <, i, m, g,  , a, l, t, =, "", I, m, a, g, e,  , o, f,  , B, r, e, a, s, t,  , C, a, n, c, e, r,  , S, e, v, e, r, i, t, y,  , A, s, s, e, s, s, m, e, n, t,  , w, i, t, h,  , C, N, N, s, "",  , l, o, a, d, i, n, g, =, "", l, a, z, y, "",  , w, i, d, t, h, =, "", 0, "",  , h, e, i, g, h, t, =, "", 0, "",  , d, e, c, o, d, i, n, g, =, "", a, s, y, n, c, "",  , d, a, t, a, -, n, i, m, g, =, "", 1, "",  , c, l, a, s, s, =, "", h, -, a, u, t, o,  , m, a, x, -, h, -, 9, 6,  , w, -, f, u, l, l,  , o, b, j, e, c, t, -, c, o, v, e, r,  , t, r, a, n, s, i, t, i, o, n, -, t, r, a, n, s, f, o, r, m,  , d, u, r, a, t, i, o, n, -, 3, 0, 0,  , h, o, v, e, r, :, s, c, a, l, e, -, 1, 0, 5, "",  , s, t, y, l, e, =, "", c, o, l, o, r, :, t, r, a, n, s, p, a, r, e, n, t, "",  , s, i, z, e, s, =, "", 1, 0, 0, v, w, "",  , s, r, c, S, e, t, =, "", /, _, n, e, x, t, /, i, m, a, g, e, ?, u, r, l, =, %, 2, F, i, m, a, g, e, s, %, 2, F, p, r, o, j, e, c, t, s, %, 2, F, b, r, e, a, s, t, _, c, a, n, c, e, r, %, 2, F, c, o, v, e, r, ., j, p, g, &, a, m, p, ;, w, =, 6, 4, 0, &, a, m, p, ;, q, =, 7, 5,  , 6, 4, 0, w, ,,  , /, _, n, e, x, t, /, i, m, a, g, e, ?, u, r, l, =, %, 2, F, i, m, a, g, e, s, %, 2, F, p, r, o, j, e, c, t, s, %, 2, F, b, r, e, a, s, t, _, c, a, n, c, e, r, %, 2, F, c, o, v, e, r, ., j, p, g, &, a, m, p, ;, w, =, 7, 5, 0, &, a, m, p, ;, q, =, 7, 5,  , 7, 5, 0, w, ,,  , /, _, n, e, x, t, /, i, m, a, g, e, ?, u, r, l, =, %, 2, F, i, m, a, g, e, s, %, 2, F, p, r, o, j, e, c, t, s, %, 2, F, b, r, e, a, s, t, _, c, a, n, c, e, r, %, 2, F, c, o, v, e, r, ., j, p, g, &, a, m, p, ;, w, =, 8, 2, 8, &, a, m, p, ;, q, =, 7, 5,  , 8, 2, 8, w, ,,  , /, _, n, e, x, t, /, i, m, a, g, e, ?, u, r, l, =, %, 2, F, i, m, a, g, e, s, %, 2, F, p, r, o, j, e, c, t, s, %, 2, F, b, r, e, a, s, t, _, c, a, n, c, e, r, %, 2, F, c, o, v, e, r, ., j, p, g, &, a, m, p, ;, w, =, 1, 0, 8, 0, &, a, m, p, ;, q, =, 7, 5,  , 1, 0, 8, 0, w, ,,  , /, _, n, e, x, t, /, i, m, a, g, e, ?, u, r, l, =, %, 2, F, i, m, a, g, e, s, %, 2, F, p, r, o, j, e, c, t, s, %, 2, F, b, r, e, a, s, t, _, c, a, n, c, e, r, %, 2, F, c, o, v, e, r, ., j, p, g, &, a, m, p, ;, w, =, 1, 2, 0, 0, &, a, m, p, ;, q, =, 7, 5,  , 1, 2, 0, 0, w, ,,  , /, _, n, e, x, t, /, i, m, a, g, e, ?, u, r, l, =, %, 2, F, i, m, a, g, e, s, %, 2, F, p, r, o, j, e, c, t, s, %, 2, F, b, r, e, a, s, t, _, c, a, n, c, e, r, %, 2, F, c, o, v, e, r, ., j, p, g, &, a, m, p, ;, w, =, 1, 9, 2, 0, &, a, m, p, ;, q, =, 7, 5,  , 1, 9, 2, 0, w, ,,  , /, _, n, e, x, t, /, i, m, a, g, e, ?, u, r, l, =, %, 2, F, i, m, a, g, e, s, %, 2, F, p, r, o, j, e, c, t, s, %, 2, F, b, r, e, a, s, t, _, c, a, n, c, e, r, %, 2, F, c, o, v, e, r, ., j, p, g, &, a, m, p, ;, w, =, 2, 0, 4, 8, &, a, m, p, ;, q, =, 7, 5,  , 2, 0, 4, 8, w, ,,  , /, _, n, e, x, t, /, i, m, a, g, e, ?, u, r, l, =, %, 2, F, i, m, a, g, e, s, %, 2, F, p, r, o, j, e, c, t, s, %, 2, F, b, r, e, a, s, t, _, c, a, n, c, e, r, %, 2, F, c, o, v, e, r, ., j, p, g, &, a, m, p, ;, w, =, 3, 8, 4, 0, &, a, m, p, ;, q, =, 7, 5,  , 3, 8, 4, 0, w, "",  , s, r, c, =, "", /, _, n, e, x, t, /, i, m, a, g, e, ?, u, r, l, =, %, 2, F, i, m, a, g, e, s, %, 2, F, p, r, o, j, e, c, t, s, %, 2, F, b, r, e, a, s, t, _, c, a, n, c, e, r, %, 2, F, c, o, v, e, r, ., j, p, g, &, a, m, p, ;, w, =, 3, 8, 4, 0, &, a, m, p, ;, q, =, 7, 5, "", /, >, <, /, d, i, v, >, <, d, i, v,  , c, l, a, s, s, =, "", g, r, i, d,  , g, r, i, d, -, c, o, l, s, -, 1,  , i, t, e, m, s, -, c, e, n, t, e, r,  , g, a, p, -, 4,  , p, -, 4,  , m, d, :, p, -, 6,  , l, g, :, g, r, i, d, -, c, o, l, s, -, 2, "", >, <, d, i, v, >, <, h, 3,  , c, l, a, s, s, =, "", t, e, x, t, -, x, l,  , f, o, n, t, -, b, o, l, d, "", >, B, r, e, a, s, t,  , C, a, n, c, e, r,  , S, e, v, e, r, i, t, y,  , A, s, s, e, s, s, m, e, n, t,  , w, i, t, h,  , C, N, N, s, <, /, h, 3, >, <, p,  , c, l, a, s, s, =, "", t, e, x, t, -, s, m,  , t, e, x, t, -, g, r, a, y, -, 5, 0, 0,  , d, a, r, k, :, t, e, x, t, -, g, r, a, y, -, 4, 0, 0, "", >, A,  , c, o, m, p, u, t, e, r,  , v, i, s, i, o, n,  , m, o, d, e, l,  , t, o,  , a, c, c, u, r, a, t, e, l, y,  , a, s, s, e, s, s,  , b, r, e, a, s, t,  , c, a, n, c, e, r,  , s, e, v, e, r, i, t, y,  , f, r, o, m,  , b, i, o, p, s, y,  , i, m, a, g, e, s, <, /, p, >, <, /, d, i, v, >, <, d, i, v,  , c, l, a, s, s, =, "", f, l, e, x,  , i, t, e, m, s, -, c, e, n, t, e, r,  , j, u, s, t, i, f, y, -, e, n, d, "", >, <, a,  , c, l, a, s, s, =, "", i, n, l, i, n, e, -, f, l, e, x,  , i, t, e, m, s, -, c, e, n, t, e, r,  , j, u, s, t, i, f, y, -, c, e, n, t, e, r,  , w, h, i, t, e, s, p, a, c, e, -, n, o, w, r, a, p,  , t, e, x, t, -, s, m,  , f, o, n, t, -, m, e, d, i, u, m,  , r, i, n, g, -, o, f, f, s, e, t, -, b, a, c, k, g, r, o, u, n, d,  , t, r, a, n, s, i, t, i, o, n, -, c, o, l, o, r, s,  , f, o, c, u, s, -, v, i, s, i, b, l, e, :, o, u, t, l, i, n, e, -, n, o, n, e,  , f, o, c, u, s, -, v, i, s, i, b, l, e, :, r, i, n, g, -, 2,  , f, o, c, u, s, -, v, i, s, i, b, l, e, :, r, i, n, g, -, r, i, n, g,  , f, o, c, u, s, -, v, i, s, i, b, l, e, :, r, i, n, g, -, o, f, f, s, e, t, -, 2,  , d, i, s, a, b, l, e, d, :, p, o, i, n, t, e, r, -, e, v, e, n, t, s, -, n, o, n, e,  , d, i, s, a, b, l, e, d, :, o, p, a, c, i, t, y, -, 5, 0,  , b, o, r, d, e, r, -, i, n, p, u, t,  , h, o, v, e, r, :, t, e, x, t, -, a, c, c, e, n, t, -, f, o, r, e, g, r, o, u, n, d,  , h, -, 1, 0,  , p, x, -, 4,  , p, y, -, 2,  , z, -, [, 2, ],  , r, o, u, n, d, e, d, -, f, u, l, l,  , b, o, r, d, e, r,  , b, g, -, m, u, t, e, d,  , h, o, v, e, r, :, b, g, -, f, o, r, e, g, r, o, u, n, d, /, 1, 0, "",  , d, a, t, a, -, s, t, a, t, e, =, "", c, l, o, s, e, d, "",  , h, r, e, f, =, "", /, p, r, o, j, e, c, t, s, /, b, r, e, a, s, t, _, c, a, n, c, e, r, "", >, <, s, v, g,  , x, m, l, n, s, =, "", h, t, t, p, :, /, /, w, w, w, ., w, 3, ., o, r, g, /, 2, 0, 0, 0, /, s, v, g, "",  , w, i, d, t, h, =, "", 2, 4, "",  , h, e, i, g, h, t, =, "", 2, 4, "",  , v, i, e, w, B, o, x, =, "", 0,  , 0,  , 2, 4,  , 2, 4, "",  , f, i, l, l, =, "", n, o, n, e, "",  , s, t, r, o, k, e, =, "", c, u, r, r, e, n, t, C, o, l, o, r, "",  , s, t, r, o, k, e, -, w, i, d, t, h, =, "", 2, "",  , s, t, r, o, k, e, -, l, i, n, e, c, a, p, =, "", r, o, u, n, d, "",  , s, t, r, o, k, e, -, l, i, n, e, j, o, i, n, =, "", r, o, u, n, d, "",  , c, l, a, s, s, =, "", l, u, c, i, d, e,  , l, u, c, i, d, e, -, i, n, f, o,  , "", >, <, c, i, r, c, l, e,  , c, x, =, "", 1, 2, "",  , c, y, =, "", 1, 2, "",  , r, =, "", 1, 0, "", >, <, /, c, i, r, c, l, e, >, <, p, a, t, h,  , d, =, "", M, 1, 2,  , 1, 6, v, -, 4, "", >, <, /, p, a, t, h, >, <, p, a, t, h,  , d, =, "", M, 1, 2,  , 8, h, ., 0, 1, "", >, <, /, p, a, t, h, >, <, /, s, v, g, >, <, /, a, >, <, /, d, i, v, >, <, /, d, i, v, >, <, a,  , c, l, a, s, s, =, "", z, -, 1,  , a, b, s, o, l, u, t, e,  , i, n, s, e, t, -, 0,  , b, l, o, c, k, "",  , h, r, e, f, =, "", /, p, r, o, j, e, c, t, s, /, b, r, e, a, s, t, _, c, a, n, c, e, r, "", >, <, /, a, >, <, /, d, i, v, >, <, d, i, v,  , c, l, a, s, s, =, "", b, o, r, d, e, r,  , t, e, x, t, -, c, a, r, d, -, f, o, r, e, g, r, o, u, n, d,  , s, h, a, d, o, w, -, s, m,  , g, r, o, u, p,  , r, e, l, a, t, i, v, e,  , f, l, e, x,  , f, l, e, x, -, c, o, l,  , j, u, s, t, i, f, y, -, b, e, t, w, e, e, n,  , o, v, e, r, f, l, o, w, -, h, i, d, d, e, n,  , r, o, u, n, d, e, d, -, m, d,  , b, g, -, m, u, t, e, d, /, 4, 0, "", >, <, d, i, v,  , c, l, a, s, s, =, "", z, -, [, 2, ],  , i, n, l, i, n, e, -, b, l, o, c, k,  , w, -, f, u, l, l,  , o, v, e, r, f, l, o, w, -, h, i, d, d, e, n,  , p, -, 0, "", >, <, i, m, g,  , a, l, t, =, "", I, m, a, g, e,  , o, f,  , C, o, m, m, o, d, i, t, i, e, s,  , a, n, d,  , S, u, p, p, l, y,  , C, h, a, i, n,  , D, e, e, p,  , L, e, a, r, n, i, n, g,  , M, o, d, e, l, "",  , l, o, a, d, i, n, g, =, "", l, a, z, y, "",  , w, i, d, t, h, =, "", 0, "",  , h, e, i, g, h, t, =, "", 0, "",  , d, e, c, o, d, i, n, g, =, "", a, s, y, n, c, "",  , d, a, t, a, -, n, i, m, g, =, "", 1, "",  , c, l, a, s, s, =, "", h, -, a, u, t, o,  , m, a, x, -, h, -, 9, 6,  , w, -, f, u, l, l,  , o, b, j, e, c, t, -, c, o, v, e, r,  , t, r, a, n, s, i, t, i, o, n, -, t, r, a, n, s, f, o, r, m,  , d, u, r, a, t, i, o, n, -, 3, 0, 0,  , h, o, v, e, r, :, s, c, a, l, e, -, 1, 0, 5, "",  , s, t, y, l, e, =, "", c, o, l, o, r, :, t, r, a, n, s, p, a, r, e, n, t, "",  , s, i, z, e, s, =, "", 1, 0, 0, v, w, "",  , s, r, c, S, e, t, =, "", /, _, n, e, x, t, /, i, m, a, g, e, ?, u, r, l, =, %, 2, F, i, m, a, g, e, s, %, 2, F, p, r, o, j, e, c, t, s, %, 2, F, c, o, m, m, o, d, i, t, i, e, s, _, d, l, %, 2, F, c, o, v, e, r, ., j, p, g, &, a, m, p, ;, w, =, 6, 4, 0, &, a, m, p, ;, q, =, 7, 5,  , 6, 4, 0, w, ,,  , /, _, n, e, x, t, /, i, m, a, g, e, ?, u, r, l, =, %, 2, F, i, m, a, g, e, s, %, 2, F, p, r, o, j, e, c, t, s, %, 2, F, c, o, m, m, o, d, i, t, i, e, s, _, d, l, %, 2, F, c, o, v, e, r, ., j, p, g, &, a, m, p, ;, w, =, 7, 5, 0, &, a, m, p, ;, q, =, 7, 5,  , 7, 5, 0, w, ,,  , /, _, n, e, x, t, /, i, m, a, g, e, ?, u, r, l, =, %, 2, F, i, m, a, g, e, s, %, 2, F, p, r, o, j, e, c, t, s, %, 2, F, c, o, m, m, o, d, i, t, i, e, s, _, d, l, %, 2, F, c, o, v, e, r, ., j, p, g, &, a, m, p, ;, w, =, 8, 2, 8, &, a, m, p, ;, q, =, 7, 5,  , 8, 2, 8, w, ,,  , /, _, n, e, x, t, /, i, m, a, g, e, ?, u, r, l, =, %, 2, F, i, m, a, g, e, s, %, 2, F, p, r, o, j, e, c, t, s, %, 2, F, c, o, m, m, o, d, i, t, i, e, s, _, d, l, %, 2, F, c, o, v, e, r, ., j, p, g, &, a, m, p, ;, w, =, 1, 0, 8, 0, &, a, m, p, ;, q, =, 7, 5,  , 1, 0, 8, 0, w, ,,  , /, _, n, e, x, t, /, i, m, a, g, e, ?, u, r, l, =, %, 2, F, i, m, a, g, e, s, %, 2, F, p, r, o, j, e, c, t, s, %, 2, F, c, o, m, m, o, d, i, t, i, e, s, _, d, l, %, 2, F, c, o, v, e, r, ., j, p, g, &, a, m, p, ;, w, =, 1, 2, 0, 0, &, a, m, p, ;, q, =, 7, 5,  , 1, 2, 0, 0, w, ,,  , /, _, n, e, x, t, /, i, m, a, g, e, ?, u, r, l, =, %, 2, F, i, m, a, g, e, s, %, 2, F, p, r, o, j, e, c, t, s, %, 2, F, c, o, m, m, o, d, i, t, i, e, s, _, d, l, %, 2, F, c, o, v, e, r, ., j, p, g, &, a, m, p, ;, w, =, 1, 9, 2, 0, &, a, m, p, ;, q, =, 7, 5,  , 1, 9, 2, 0, w, ,,  , /, _, n, e, x, t, /, i, m, a, g, e, ?, u, r, l, =, %, 2, F, i, m, a, g, e, s, %, 2, F, p, r, o, j, e, c, t, s, %, 2, F, c, o, m, m, o, d, i, t, i, e, s, _, d, l, %, 2, F, c, o, v, e, r, ., j, p, g, &, a, m, p, ;, w, =, 2, 0, 4, 8, &, a, m, p, ;, q, =, 7, 5,  , 2, 0, 4, 8, w, ,,  , /, _, n, e, x, t, /, i, m, a, g, e"
https://www.augustin.codes/projects/breast_cancer,"[, ], 
"
https://github.com/augustintsang/breast-cancer-prediction,"[, ]"
https://www.augustin.codes/projects/commodities_dl,"[, ], 
"
https://github.com/augustintsang,"`, `, `, p, y, t, h, o, n, 
, i, m, p, o, r, t,  , r, e, 
, 
, d, e, f,  , f, i, n, d, _, e, m, a, i, l, s, _, i, n, _, h, t, m, l, (, h, t, m, l, _, s, t, r, i, n, g, ), :, 
,  ,  , "", "", "", 
,  ,  , F, i, n, d, s,  , a, l, l,  , e, m, a, i, l,  , a, d, d, r, e, s, s, e, s,  , w, i, t, h, i, n,  , a, n,  , H, T, M, L,  , s, t, r, i, n, g, ., 
, 
,  ,  , A, r, g, s, :, 
,  ,  ,  ,  , h, t, m, l, _, s, t, r, i, n, g, :,  , T, h, e,  , H, T, M, L,  , c, o, n, t, e, n, t,  , t, o,  , s, e, a, r, c, h, ., 
, 
,  ,  , R, e, t, u, r, n, s, :, 
,  ,  ,  ,  , A,  , l, i, s, t,  , o, f,  , e, m, a, i, l,  , a, d, d, r, e, s, s, e, s,  , f, o, u, n, d,  , i, n,  , t, h, e,  , H, T, M, L, .,  ,  , I, f,  , n, o,  , e, m, a, i, l,  , a, d, d, r, e, s, s, e, s, 
,  ,  ,  ,  , a, r, e,  , f, o, u, n, d, ,,  , r, e, t, u, r, n, s,  , a, n,  , e, m, p, t, y,  , l, i, s, t, ., 
,  ,  , "", "", "", 
,  ,  , i, f,  , n, o, t,  , i, s, i, n, s, t, a, n, c, e, (, h, t, m, l, _, s, t, r, i, n, g, ,,  , s, t, r, ), :, 
,  ,  ,  ,  , r, a, i, s, e,  , T, y, p, e, E, r, r, o, r, (, "", I, n, p, u, t,  , m, u, s, t,  , b, e,  , a,  , s, t, r, i, n, g, ., "", ), 
, 
,  ,  , e, m, a, i, l, _, p, a, t, t, e, r, n,  , =,  , r, "", [, a, -, z, A, -, Z, 0, -, 9, ., _, %, +, -, ], +, @, [, a, -, z, A, -, Z, 0, -, 9, ., -, ], +, \, ., [, a, -, z, A, -, Z, ], {, 2, ,, }, "", 
,  ,  , e, m, a, i, l, s,  , =,  , r, e, ., f, i, n, d, a, l, l, (, e, m, a, i, l, _, p, a, t, t, e, r, n, ,,  , h, t, m, l, _, s, t, r, i, n, g, ), 
,  ,  , r, e, t, u, r, n,  , e, m, a, i, l, s, 
, 
, #, E, x, a, m, p, l, e,  , U, s, a, g, e,  , (, a, s, s, u, m, i, n, g,  , t, h, e,  , H, T, M, L,  , c, o, n, t, e, n, t,  , i, s,  , i, n,  , a,  , v, a, r, i, a, b, l, e,  , c, a, l, l, e, d,  , ', h, t, m, l, _, c, o, n, t, e, n, t, ', ), :, 
, #,  , e, m, a, i, l, s,  , =,  , f, i, n, d, _, e, m, a, i, l, s, _, i, n, _, h, t, m, l, (, h, t, m, l, _, c, o, n, t, e, n, t, ), 
, #,  , p, r, i, n, t, (, e, m, a, i, l, s, ), 
, 
, e, m, a, i, l, s,  , =,  , f, i, n, d, _, e, m, a, i, l, s, _, i, n, _, h, t, m, l, (, 
,  ,  ,  ,  , "", "", "", 
, <, !, D, O, C, T, Y, P, E,  , h, t, m, l, >, 
, <, h, t, m, l, 
,  ,  , l, a, n, g, =, "", e, n, "", 
,  ,  , 
,  ,  , d, a, t, a, -, c, o, l, o, r, -, m, o, d, e, =, "", a, u, t, o, "",  , d, a, t, a, -, l, i, g, h, t, -, t, h, e, m, e, =, "", l, i, g, h, t, "",  , d, a, t, a, -, d, a, r, k, -, t, h, e, m, e, =, "", d, a, r, k, "", 
,  ,  , d, a, t, a, -, a, 1, 1, y, -, a, n, i, m, a, t, e, d, -, i, m, a, g, e, s, =, "", s, y, s, t, e, m, "",  , d, a, t, a, -, a, 1, 1, y, -, l, i, n, k, -, u, n, d, e, r, l, i, n, e, s, =, "", t, r, u, e, "", 
,  ,  , 
,  ,  , >, 
, 
, 
, 
,  ,  , <, h, e, a, d, >, 
,  ,  ,  ,  , <, m, e, t, a,  , c, h, a, r, s, e, t, =, "", u, t, f, -, 8, "", >, 
,  ,  , <, l, i, n, k,  , r, e, l, =, "", d, n, s, -, p, r, e, f, e, t, c, h, "",  , h, r, e, f, =, "", h, t, t, p, s, :, /, /, g, i, t, h, u, b, ., g, i, t, h, u, b, a, s, s, e, t, s, ., c, o, m, "", >, 
,  ,  , <, l, i, n, k,  , r, e, l, =, "", d, n, s, -, p, r, e, f, e, t, c, h, "",  , h, r, e, f, =, "", h, t, t, p, s, :, /, /, a, v, a, t, a, r, s, ., g, i, t, h, u, b, u, s, e, r, c, o, n, t, e, n, t, ., c, o, m, "", >, 
,  ,  , <, l, i, n, k,  , r, e, l, =, "", d, n, s, -, p, r, e, f, e, t, c, h, "",  , h, r, e, f, =, "", h, t, t, p, s, :, /, /, g, i, t, h, u, b, -, c, l, o, u, d, ., s, 3, ., a, m, a, z, o, n, a, w, s, ., c, o, m, "", >, 
,  ,  , <, l, i, n, k,  , r, e, l, =, "", d, n, s, -, p, r, e, f, e, t, c, h, "",  , h, r, e, f, =, "", h, t, t, p, s, :, /, /, u, s, e, r, -, i, m, a, g, e, s, ., g, i, t, h, u, b, u, s, e, r, c, o, n, t, e, n, t, ., c, o, m, /, "", >, 
,  ,  , <, l, i, n, k,  , r, e, l, =, "", p, r, e, c, o, n, n, e, c, t, "",  , h, r, e, f, =, "", h, t, t, p, s, :, /, /, g, i, t, h, u, b, ., g, i, t, h, u, b, a, s, s, e, t, s, ., c, o, m, "",  , c, r, o, s, s, o, r, i, g, i, n, >, 
,  ,  , <, l, i, n, k,  , r, e, l, =, "", p, r, e, c, o, n, n, e, c, t, "",  , h, r, e, f, =, "", h, t, t, p, s, :, /, /, a, v, a, t, a, r, s, ., g, i, t, h, u, b, u, s, e, r, c, o, n, t, e, n, t, ., c, o, m, "", >, 
, 
,  ,  , 
, 
,  ,  , <, l, i, n, k,  , c, r, o, s, s, o, r, i, g, i, n, =, "", a, n, o, n, y, m, o, u, s, "",  , m, e, d, i, a, =, "", a, l, l, "",  , r, e, l, =, "", s, t, y, l, e, s, h, e, e, t, "",  , h, r, e, f, =, "", h, t, t, p, s, :, /, /, g, i, t, h, u, b, ., g, i, t, h, u, b, a, s, s, e, t, s, ., c, o, m, /, a, s, s, e, t, s, /, l, i, g, h, t, -, 7, a, a, 8, 4, b, b, 7, e, 1, 1, e, ., c, s, s, "",  , /, >, <, l, i, n, k,  , c, r, o, s, s, o, r, i, g, i, n, =, "", a, n, o, n, y, m, o, u, s, "",  , m, e, d, i, a, =, "", a, l, l, "",  , r, e, l, =, "", s, t, y, l, e, s, h, e, e, t, "",  , h, r, e, f, =, "", h, t, t, p, s, :, /, /, g, i, t, h, u, b, ., g, i, t, h, u, b, a, s, s, e, t, s, ., c, o, m, /, a, s, s, e, t, s, /, d, a, r, k, -, f, 6, 5, d, b, 3, e, 8, d, 1, 7, 1, ., c, s, s, "",  , /, >, <, l, i, n, k,  , d, a, t, a, -, c, o, l, o, r, -, t, h, e, m, e, =, "", d, a, r, k, _, d, i, m, m, e, d, "",  , c, r, o, s, s, o, r, i, g, i, n, =, "", a, n, o, n, y, m, o, u, s, "",  , m, e, d, i, a, =, "", a, l, l, "",  , r, e, l, =, "", s, t, y, l, e, s, h, e, e, t, "",  , d, a, t, a, -, h, r, e, f, =, "", h, t, t, p, s, :, /, /, g, i, t, h, u, b, ., g, i, t, h, u, b, a, s, s, e, t, s, ., c, o, m, /, a, s, s, e, t, s, /, d, a, r, k, _, d, i, m, m, e, d, -, a, 8, 2, 5, 8, e, 3, c, 6, d, d, a, ., c, s, s, "",  , /, >, <, l, i, n, k,  , d, a, t, a, -, c, o, l, o, r, -, t, h, e, m, e, =, "", d, a, r, k, _, h, i, g, h, _, c, o, n, t, r, a, s, t, "",  , c, r, o, s, s, o, r, i, g, i, n, =, "", a, n, o, n, y, m, o, u, s, "",  , m, e, d, i, a, =, "", a, l, l, "",  , r, e, l, =, "", s, t, y, l, e, s, h, e, e, t, "",  , d, a, t, a, -, h, r, e, f, =, "", h, t, t, p, s, :, /, /, g, i, t, h, u, b, ., g, i, t, h, u, b, a, s, s, e, t, s, ., c, o, m, /, a, s, s, e, t, s, /, d, a, r, k, _, h, i, g, h, _, c, o, n, t, r, a, s, t, -, 7, e, 9, 7, d, 8, 3, 4, 7, 1, 9, c, ., c, s, s, "",  , /, >, <, l, i, n, k,  , d, a, t, a, -, c, o, l, o, r, -, t, h, e, m, e, =, "", d, a, r, k, _, c, o, l, o, r, b, l, i, n, d, "",  , c, r, o, s, s, o, r, i, g, i, n, =, "", a, n, o, n, y, m, o, u, s, "",  , m, e, d, i, a, =, "", a, l, l, "",  , r, e, l, =, "", s, t, y, l, e, s, h, e, e, t, "",  , d, a, t, a, -, h, r, e, f, =, "", h, t, t, p, s, :, /, /, g, i, t, h, u, b, ., g, i, t, h, u, b, a, s, s, e, t, s, ., c, o, m, /, a, s, s, e, t, s, /, d, a, r, k, _, c, o, l, o, r, b, l, i, n, d, -, 0, 1, d, 8, 6, 9, f, 4, 6, 0, b, e, ., c, s, s, "",  , /, >, <, l, i, n, k,  , d, a, t, a, -, c, o, l, o, r, -, t, h, e, m, e, =, "", l, i, g, h, t, _, c, o, l, o, r, b, l, i, n, d, "",  , c, r, o, s, s, o, r, i, g, i, n, =, "", a, n, o, n, y, m, o, u, s, "",  , m, e, d, i, a, =, "", a, l, l, "",  , r, e, l, =, "", s, t, y, l, e, s, h, e, e, t, "",  , d, a, t, a, -, h, r, e, f, =, "", h, t, t, p, s, :, /, /, g, i, t, h, u, b, ., g, i, t, h, u, b, a, s, s, e, t, s, ., c, o, m, /, a, s, s, e, t, s, /, l, i, g, h, t, _, c, o, l, o, r, b, l, i, n, d, -, 5, 3, 4, f, 3, e, 9, 7, 1, 2, 4, 0, ., c, s, s, "",  , /, >, <, l, i, n, k,  , d, a, t, a, -, c, o, l, o, r, -, t, h, e, m, e, =, "", l, i, g, h, t, _, h, i, g, h, _, c, o, n, t, r, a, s, t, "",  , c, r, o, s, s, o, r, i, g, i, n, =, "", a, n, o, n, y, m, o, u, s, "",  , m, e, d, i, a, =, "", a, l, l, "",  , r, e, l, =, "", s, t, y, l, e, s, h, e, e, t, "",  , d, a, t, a, -, h, r, e, f, =, "", h, t, t, p, s, :, /, /, g, i, t, h, u, b, ., g, i, t, h, u, b, a, s, s, e, t, s, ., c, o, m, /, a, s, s, e, t, s, /, l, i, g, h, t, _, h, i, g, h, _, c, o, n, t, r, a, s, t, -, a, 8, c, c, 7, d, 1, 3, 8, 0, 0, 1, ., c, s, s, "",  , /, >, <, l, i, n, k,  , d, a, t, a, -, c, o, l, o, r, -, t, h, e, m, e, =, "", l, i, g, h, t, _, t, r, i, t, a, n, o, p, i, a, "",  , c, r, o, s, s, o, r, i, g, i, n, =, "", a, n, o, n, y, m, o, u, s, "",  , m, e, d, i, a, =, "", a, l, l, "",  , r, e, l, =, "", s, t, y, l, e, s, h, e, e, t, "",  , d, a, t, a, -, h, r, e, f, =, "", h, t, t, p, s, :, /, /, g, i, t, h, u, b, ., g, i, t, h, u, b, a, s, s, e, t, s, ., c, o, m, /, a, s, s, e, t, s, /, l, i, g, h, t, _, t, r, i, t, a, n, o, p, i, a, -, 3, 5, e, 9, d, f, d, c, 4, f, 9, f, ., c, s, s, "",  , /, >, <, l, i, n, k,  , d, a, t, a, -, c, o, l, o, r, -, t, h, e, m, e, =, "", d, a, r, k, _, t, r, i, t, a, n, o, p, i, a, "",  , c, r, o, s, s, o, r, i, g, i, n, =, "", a, n, o, n, y, m, o, u, s, "",  , m, e, d, i, a, =, "", a, l, l, "",  , r, e, l, =, "", s, t, y, l, e, s, h, e, e, t, "",  , d, a, t, a, -, h, r, e, f, =, "", h, t, t, p, s, :, /, /, g, i, t, h, u, b, ., g, i, t, h, u, b, a, s, s, e, t, s, ., c, o, m, /, a, s, s, e, t, s, /, d, a, r, k, _, t, r, i, t, a, n, o, p, i, a, -, c, f, 4, c, c, 5, f, 6, 2, d, f, e, ., c, s, s, "",  , /, >, 
, 
,  ,  ,  ,  , <, l, i, n, k,  , c, r, o, s, s, o, r, i, g, i, n, =, "", a, n, o, n, y, m, o, u, s, "",  , m, e, d, i, a, =, "", a, l, l, "",  , r, e, l, =, "", s, t, y, l, e, s, h, e, e, t, "",  , h, r, e, f, =, "", h, t, t, p, s, :, /, /, g, i, t, h, u, b, ., g, i, t, h, u, b, a, s, s, e, t, s, ., c, o, m, /, a, s, s, e, t, s, /, p, r, i, m, e, r, -, p, r, i, m, i, t, i, v, e, s, -, d, 9, a, b, e, c, d, 1, 4, f, 1, e, ., c, s, s, "",  , /, >, 
,  ,  ,  ,  , <, l, i, n, k,  , c, r, o, s, s, o, r, i, g, i, n, =, "", a, n, o, n, y, m, o, u, s, "",  , m, e, d, i, a, =, "", a, l, l, "",  , r, e, l, =, "", s, t, y, l, e, s, h, e, e, t, "",  , h, r, e, f, =, "", h, t, t, p, s, :, /, /, g, i, t, h, u, b, ., g, i, t, h, u, b, a, s, s, e, t, s, ., c, o, m, /, a, s, s, e, t, s, /, p, r, i, m, e, r, -, 9, 3, a, d, e, d, 0, e, e, 8, a, 1, ., c, s, s, "",  , /, >, 
,  ,  ,  ,  , <, l, i, n, k,  , c, r, o, s, s, o, r, i, g, i, n, =, "", a, n, o, n, y, m, o, u, s, "",  , m, e, d, i, a, =, "", a, l, l, "",  , r, e, l, =, "", s, t, y, l, e, s, h, e, e, t, "",  , h, r, e, f, =, "", h, t, t, p, s, :, /, /, g, i, t, h, u, b, ., g, i, t, h, u, b, a, s, s, e, t, s, ., c, o, m, /, a, s, s, e, t, s, /, g, l, o, b, a, l, -, 8, b, e, d, 0, 6, 8, 5, a, 4, b, 5, ., c, s, s, "",  , /, >, 
,  ,  ,  ,  , <, l, i, n, k,  , c, r, o, s, s, o, r, i, g, i, n, =, "", a, n, o, n, y, m, o, u, s, "",  , m, e, d, i, a, =, "", a, l, l, "",  , r, e, l, =, "", s, t, y, l, e, s, h, e, e, t, "",  , h, r, e, f, =, "", h, t, t, p, s, :, /, /, g, i, t, h, u, b, ., g, i, t, h, u, b, a, s, s, e, t, s, ., c, o, m, /, a, s, s, e, t, s, /, g, i, t, h, u, b, -, 4, c, 2, 7, 7, 6, 8, 3, 2, 3, 5, 1, ., c, s, s, "",  , /, >, 
,  ,  ,  ,  , <, l, i, n, k,  , c, r, o, s, s, o, r, i, g, i, n, =, "", a, n, o, n, y, m, o, u, s, "",  , m, e, d, i, a, =, "", a, l, l, "",  , r, e, l, =, "", s, t, y, l, e, s, h, e, e, t, "",  , h, r, e, f, =, "", h, t, t, p, s, :, /, /, g, i, t, h, u, b, ., g, i, t, h, u, b, a, s, s, e, t, s, ., c, o, m, /, a, s, s, e, t, s, /, s, t, a, f, f, -, d, e, 9, b, 2, 2, 5, 9, 1, 9, 9, c, ., c, s, s, "",  , /, >, 
,  ,  ,  ,  , <, l, i, n, k,  , c, r, o, s, s, o, r, i, g, i, n, =, "", a, n, o, n, y, m, o, u, s, "",  , m, e, d, i, a, =, "", a, l, l, "",  , r, e, l, =, "", s, t, y, l, e, s, h, e, e, t, "",  , h, r, e, f, =, "", h, t, t, p, s, :, /, /, g, i, t, h, u, b, ., g, i, t, h, u, b, a, s, s, e, t, s, ., c, o, m, /, a, s, s, e, t, s, /, d, e, v, t, o, o, l, s, -, e, d, 3, c, 5, 6, d, 5, f, 6, b, 2, ., c, s, s, "",  , /, >, 
,  ,  , <, l, i, n, k,  , c, r, o, s, s, o, r, i, g, i, n, =, "", a, n, o, n, y, m, o, u, s, "",  , m, e, d, i, a, =, "", a, l, l, "",  , r, e, l, =, "", s, t, y, l, e, s, h, e, e, t, "",  , h, r, e, f, =, "", h, t, t, p, s, :, /, /, g, i, t, h, u, b, ., g, i, t, h, u, b, a, s, s, e, t, s, ., c, o, m, /, a, s, s, e, t, s, /, p, r, o, f, i, l, e, -, a, 6, 5, 7, 3, 0, 9, c, d, f, 6, 6, ., c, s, s, "",  , /, >, 
, <, l, i, n, k,  , c, r, o, s, s, o, r, i, g, i, n, =, "", a, n, o, n, y, m, o, u, s, "",  , m, e, d, i, a, =, "", a, l, l, "",  , r, e, l, =, "", s, t, y, l, e, s, h, e, e, t, "",  , h, r, e, f, =, "", h, t, t, p, s, :, /, /, g, i, t, h, u, b, ., g, i, t, h, u, b, a, s, s, e, t, s, ., c, o, m, /, a, s, s, e, t, s, /, i, n, s, i, g, h, t, s, -, c, 5, c, d, d, d, 7, 5, 1, d, 3, 3, ., c, s, s, "",  , /, >, 
, 
,  ,  , 
, 
, 
,  ,  , <, s, c, r, i, p, t,  , t, y, p, e, =, "", a, p, p, l, i, c, a, t, i, o, n, /, j, s, o, n, "",  , i, d, =, "", c, l, i, e, n, t, -, e, n, v, "", >, {, "", l, o, c, a, l, e, "", :, "", e, n, "", ,, "", f, e, a, t, u, r, e, F, l, a, g, s, "", :, [, "", b, y, p, a, s, s, _, c, o, p, i, l, o, t, _, i, n, d, e, x, i, n, g, _, q, u, o, t, a, "", ,, "", c, o, p, i, l, o, t, _, i, m, m, e, r, s, i, v, e, _, f, i, l, e, _, p, r, e, v, i, e, w, "", ,, "", c, o, p, i, l, o, t, _, n, e, w, _, r, e, f, e, r, e, n, c, e, s, _, u, i, "", ,, "", c, o, p, i, l, o, t, _, a, t, t, a, c, h, _, f, o, l, d, e, r, _, r, e, f, e, r, e, n, c, e, "", ,, "", c, o, p, i, l, o, t, _, c, h, a, t, _, r, e, p, o, _, c, u, s, t, o, m, _, i, n, s, t, r, u, c, t, i, o, n, s, _, p, r, e, v, i, e, w, "", ,, "", c, o, p, i, l, o, t, _, c, h, a, t, _, r, e, t, r, y, _, o, n, _, e, r, r, o, r, "", ,, "", c, o, p, i, l, o, t, _, c, h, a, t, _, p, e, r, s, i, s, t, _, s, u, b, m, i, t, t, e, d, _, i, n, p, u, t, "", ,, "", c, o, p, i, l, o, t, _, c, o, n, v, e, r, s, a, t, i, o, n, a, l, _, u, x, _, h, i, s, t, o, r, y, _, r, e, f, s, "", ,, "", c, o, p, i, l, o, t, _, c, h, a, t, _, s, h, a, r, e, d, _, c, h, a, t, _, i, n, p, u, t, "", ,, "", c, o, p, i, l, o, t, _, c, h, a, t, _, s, h, a, r, e, d, _, t, o, p, i, c, _, i, n, d, i, c, a, t, o, r, "", ,, "", c, o, p, i, l, o, t, _, c, h, a, t, _, s, h, a, r, e, d, _, r, e, p, o, _, s, s, o, _, b, a, n, n, e, r, "", ,, "", c, o, p, i, l, o, t, _, e, d, i, t, o, r, _, u, p, s, e, l, l, s, "", ,, "", c, o, p, i, l, o, t, _, d, o, t, c, o, m, _, c, h, a, t, _, r, e, d, u, c, e, _, t, e, l, e, m, e, t, r, y, "", ,, "", c, o, p, i, l, o, t, _, f, r, e, e, _, l, i, m, i, t, e, d, _, u, s, e, r, "", ,, "", c, o, p, i, l, o, t, _, i, m, p, l, i, c, i, t, _, c, o, n, t, e, x, t, "", ,, "", c, o, p, i, l, o, t, _, n, o, _, f, l, o, a, t, i, n, g, _, b, u, t, t, o, n, "", ,, "", c, o, p, i, l, o, t, _, s, m, e, l, l, _, i, c, e, b, r, e, a, k, e, r, _, u, x, "", ,, "", d, o, t, c, o, m, _, c, h, a, t, _, c, l, i, e, n, t, _, s, i, d, e, _, s, k, i, l, l, s, "", ,, "", c, o, p, i, l, o, t, _, n, e, w, _, m, a, r, k, d, o, w, n, _, r, e, n, d, e, r, e, r, "", ,, "", e, x, p, e, r, i, m, e, n, t, a, t, i, o, n, _, a, z, u, r, e, _, v, a, r, i, a, n, t, _, e, n, d, p, o, i, n, t, "", ,, "", f, a, i, l, b, o, t, _, h, a, n, d, l, e, _, n, o, n, _, e, r, r, o, r, s, "", ,, "", g, e, o, j, s, o, n, _, a, z, u, r, e, _, m, a, p, s, "", ,, "", g, h, o, s, t, _, p, i, l, o, t, _, c, o, n, f, i, d, e, n, c, e, _, t, r, u, n, c, a, t, i, o, n, _, 2, 5, "", ,, "", g, h, o, s, t, _, p, i, l, o, t, _, c, o, n, f, i, d, e, n, c, e, _, t, r, u, n, c, a, t, i, o, n, _, 4, 0, "", ,, "", g, i, t, h, u, b, _, m, o, d, e, l, s, _, o, 3, _, m, i, n, i, _, s, t, r, e, a, m, i, n, g, "", ,, "", h, o, v, e, r, c, a, r, d, _, a, c, c, e, s, s, i, b, i, l, i, t, y, "", ,, "", i, s, s, u, e, s, _, r, e, a, c, t, _, r, e, m, o, v, e, _, p, l, a, c, e, h, o, l, d, e, r, s, "", ,, "", i, s, s, u, e, s, _, r, e, a, c, t, _, b, l, u, r, _, i, t, e, m, _, p, i, c, k, e, r, _, o, n, _, c, l, o, s, e, "", ,, "", i, s, s, u, e, s, _, r, e, a, c, t, _, i, n, c, l, u, d, e, _, b, o, t, s, _, i, n, _, p, i, c, k, e, r, s, "", ,, "", m, a, r, k, e, t, i, n, g, _, p, a, g, e, s, _, s, e, a, r, c, h, _, e, x, p, l, o, r, e, _, p, r, o, v, i, d, e, r, "", ,, "", r, e, m, o, v, e, _, c, h, i, l, d, _, p, a, t, c, h, "", ,, "", s, a, m, p, l, e, _, n, e, t, w, o, r, k, _, c, o, n, n, _, t, y, p, e, "", ,, "", s, w, p, _, e, n, t, e, r, p, r, i, s, e, _, c, o, n, t, a, c, t, _, f, o, r, m, "", ,, "", s, i, t, e, _, c, o, p, i, l, o, t, _, v, s, c, o, d, e, _, l, i, n, k, _, u, p, d, a, t, e, "", ,, "", s, i, t, e, _, p, r, o, x, i, m, a, _, a, u, s, t, r, a, l, i, a, _, u, p, d, a, t, e, "", ,, "", i, s, s, u, e, s, _, r, e, a, c, t, _, c, r, e, a, t, e, _, m, i, l, e, s, t, o, n, e, "", ,, "", i, s, s, u, e, s, _, r, e, a, c, t, _, c, a, c, h, e, _, f, i, x, _, w, o, r, k, a, r, o, u, n, d, "", ,, "", l, i, f, e, c, y, c, l, e, _, l, a, b, e, l, _, n, a, m, e, _, u, p, d, a, t, e, s, "", ], }, <, /, s, c, r, i, p, t, >, 
, <, s, c, r, i, p, t,  , c, r, o, s, s, o, r, i, g, i, n, =, "", a, n, o, n, y, m, o, u, s, "",  , d, e, f, e, r, =, "", d, e, f, e, r, "",  , t, y, p, e, =, "", a, p, p, l, i, c, a, t, i, o, n, /, j, a, v, a, s, c, r, i, p, t, "",  , s, r, c, =, "", h, t, t, p, s, :, /, /, g, i, t, h, u, b, ., g, i, t, h, u, b, a, s, s, e, t, s, ., c, o, m, /, a, s, s, e, t, s, /, w, p, -, r, u, n, t, i, m, e, -, 0, a, d, 8, 1, 1, b, 7, 7, 5, 8, 4, ., j, s, "", >, <, /, s, c, r, i, p, t, >, 
, <, s, c, r, i, p, t,  , c, r, o, s, s, o, r, i, g, i, n, =, "", a, n, o, n, y, m, o, u, s, "",  , d, e, f, e, r, =, "", d, e, f, e, r, "",  , t, y, p, e, =, "", a, p, p, l, i, c, a, t, i, o, n, /, j, a, v, a, s, c, r, i, p, t, "",  , s, r, c, =, "", h, t, t, p, s, :, /, /, g, i, t, h, u, b, ., g, i, t, h, u, b, a, s, s, e, t, s, ., c, o, m, /, a, s, s, e, t, s, /, v, e, n, d, o, r, s, -, n, o, d, e, _, m, o, d, u, l, e, s, _, o, d, d, b, i, r, d, _, p, o, p, o, v, e, r, -, p, o, l, y, f, i, l, l, _, d, i, s, t, _, p, o, p, o, v, e, r, _, j, s, -, 9, d, a, 6, 5, 2, f, 5, 8, 4, 7, 9, ., j, s, "", >, <, /, s, c, r, i, p, t, >, 
, <, s, c, r, i, p, t,  , c, r, o, s, s, o, r, i, g, i, n, =, "", a, n, o, n, y, m, o, u, s, "",  , d, e, f, e, r, =, "", d, e, f, e, r, "",  , t, y, p, e, =, "", a, p, p, l, i, c, a, t, i, o, n, /, j, a, v, a, s, c, r, i, p, t, "",  , s, r, c, =, "", h, t, t, p, s, :, /, /, g, i, t, h, u, b, ., g, i, t, h, u, b, a, s, s, e, t, s, ., c, o, m, /, a, s, s, e, t, s, /, v, e, n, d, o, r, s, -, n, o, d, e, _, m, o, d, u, l, e, s, _, g, i, t, h, u, b, _, a, r, i, a, n, o, t, i, f, y, -, p, o, l, y, f, i, l, l, _, a, r, i, a, N, o, t, i, f, y, -, p, o, l, y, f, i, l, l, _, j, s, -, n, o, d, e, _, m, o, d, u, l, e, s, _, g, i, t, h, u, b, _, m, i, -, 3, a, b, b, 8, f, -, d, 7, e, 6, b, c, 7, 9, 9, 7, 2, 4, ., j, s, "", >, <, /, s, c, r, i, p, t, >, 
, <, s, c, r, i, p, t,  , c, r, o, s, s, o, r, i, g, i, n, =, "", a, n, o, n, y, m, o, u, s, "",  , d, e, f, e, r, =, "", d, e, f, e, r, "",  , t, y, p, e, =, "", a, p, p, l, i, c, a, t, i, o, n, /, j, a, v, a, s, c, r, i, p, t, "",  , s, r, c, =, "", h, t, t, p, s, :, /, /, g, i, t, h, u, b, ., g, i, t, h, u, b, a, s, s, e, t, s, ., c, o, m, /, a, s, s, e, t, s, /, u, i, _, p, a, c, k, a, g, e, s, _, f, a, i, l, b, o, t, _, f, a, i, l, b, o, t, _, t, s, -, 2, 5, 6, 9, 7, e, 0, f, 4, c, 4, 7, ., j, s, "", >, <, /, s, c, r, i, p, t, >, 
, <, s, c, r, i, p, t,  , c, r, o, s, s, o, r, i, g, i, n, =, "", a, n, o, n, y, m, o, u, s, "",  , d, e, f, e, r, =, "", d, e, f, e, r, "",  , t, y, p, e, =, "", a, p, p, l, i, c, a, t, i, o, n, /, j, a, v, a, s, c, r, i, p, t, "",  , s, r, c, =, "", h, t, t, p, s, :, /, /, g, i, t, h, u, b, ., g, i, t, h, u, b, a, s, s, e, t, s, ., c, o, m, /, a, s, s, e, t, s, /, e, n, v, i, r, o, n, m, e, n, t, -, 0, 4, c, a, 9, 4, c, b, 6, e, 8, a, ., j, s, "", >, <, /, s, c, r, i, p, t, >, 
, <, s, c, r, i, p, t,  , c, r, o, s, s, o, r, i, g, i, n, =, "", a, n, o, n, y, m, o, u, s, "",  , d, e, f, e, r, =, "", d, e, f, e, r, "",  , t, y, p, e, =, "", a, p, p, l, i, c, a, t, i, o, n, /, j, a, v, a, s, c, r, i, p, t, "",  , s, r, c, =, "", h, t, t, p, s, :, /, /, g, i, t, h, u, b, ., g, i, t, h, u, b, a, s, s, e, t, s, ., c, o, m, /, a, s, s, e, t, s, /, v, e, n, d, o, r, s, -, n, o, d, e, _, m, o, d, u, l, e, s, _, p, r, i, m, e, r, _, b, e, h, a, v, i, o, r, s, _, d, i, s, t, _, e, s, m, _, i, n, d, e, x, _, m, j, s, -, 0, d, b, b, 7, 9, f, 9, 7, f, 8, f, ., j, s, "", >, <, /, s, c, r, i, p, t, >, 
, <, s, c, r, i, p, t,  , c, r, o, s, s, o, r, i, g, i, n, =, "", a, n, o, n, y, m, o, u, s, "",  , d, e, f, e, r, =, "", d, e, f, e, r, "",  , t, y, p, e, =, "", a, p, p, l, i, c, a, t, i, o, n, /, j, a, v, a, s, c, r, i, p, t, "",  , s, r, c, =, "", h, t, t, p, s, :, /, /, g, i, t, h, u, b, ., g, i, t, h, u, b, a, s, s, e, t, s, ., c, o, m, /, a, s, s, e, t, s, /, v, e, n, d, o, r, s, -, n, o, d, e, _, m, o, d, u, l, e, s, _, g, i, t, h, u, b, _, s, e, l, e, c, t, o, r, -, o, b, s, e, r, v, e, r, _, d, i, s, t, _, i, n, d, e, x, _, e, s, m, _, j, s, -, f, 6, 9, 0, f, d, 9, a, e, 3, d, 5, ., j, s, "", >, <, /, s, c, r, i, p, t, >, 
, <, s, c, r, i, p, t,  , c, r, o, s, s, o, r, i, g, i, n, =, "", a, n, o, n, y, m, o, u, s, "",  , d, e, f, e, r, =, "", d, e, f, e, r, "",  , t, y, p, e, =, "", a, p, p, l, i, c, a, t, i, o, n, /, j, a, v, a, s, c, r, i, p, t, "",  , s, r, c, =, "", h, t, t, p, s, :, /, /, g, i, t, h, u, b, ., g, i, t, h, u, b, a, s, s, e, t, s, ., c, o, m, /, a, s, s, e, t, s, /, v, e, n, d, o, r, s, -, n, o, d, e, _, m, o, d, u, l, e, s, _, g, i, t, h, u, b, _, r, e, l, a, t, i, v, e, -, t, i, m, e, -, e, l, e, m, e, n, t, _, d, i, s, t, _, i, n, d, e, x, _, j, s, -, f, 6, d, a, 4, b, 3, f, a, 3, 4, c, ., j, s, "", >, <, /, s, c, r, i, p, t, >, 
, <, s, c, r, i, p, t,  , c, r, o, s, s, o, r, i, g, i, n, =, "", a, n, o, n, y, m, o, u, s, "",  , d, e, f, e, r, =, "", d, e, f, e, r, "",  , t, y, p, e, =, "", a, p, p, l, i, c, a, t, i, o, n, /, j, a, v, a, s, c, r, i, p, t, "",  , s, r, c, =, "", h, t, t, p, s, :, /, /, g, i, t, h, u, b, ., g, i, t, h, u, b, a, s, s, e, t, s, ., c, o, m, /, a, s, s, e, t, s, /, v, e, n, d, o, r, s, -, n, o, d, e, _, m, o, d, u, l, e, s, _, g, i, t, h, u, b, _, a, u, t, o, -, c, o, m, p, l, e, t, e, -, e, l, e, m, e, n, t, _, d, i, s, t, _, i, n, d, e, x, _, j, s, -, n, o, d, e, _, m, o, d, u, l, e, s, _, g, i, t, h, u, b, _, c, a, t, a, l, y, s, t, _, -, 8, e, 9, f, 7, 8, -, a, 7, 4, b, 4, e, 0, a, 8, a, 6, b, ., j, s, "", >, <, /, s, c, r, i, p, t, >, 
, <, s, c, r, i, p, t,  , c, r, o, s, s, o, r, i, g, i, n, =, "", a, n, o, n, y, m, o, u, s, "",  , d, e, f, e, r, =, "", d, e, f, e, r, "",  , t, y, p, e, =, "", a, p, p, l, i, c, a, t, i, o, n, /, j, a, v, a, s, c, r, i, p, t, "",  , s, r, c, =, "", h, t, t, p, s, :, /, /, g, i, t, h, u, b, ., g, i, t, h, u, b, a, s, s, e, t, s, ., c, o, m, /, a, s, s, e, t, s, /, v, e, n, d, o, r, s, -, n, o, d, e, _, m, o, d, u, l, e, s, _, g, i, t, h, u, b, _, t, e, x, t, -, e, x, p, a, n, d, e, r, -, e, l, e, m, e, n, t, _, d, i, s, t, _, i, n, d, e, x, _, j, s, -, 7, 8, 7, 4, 8, 9, 5, 0, c, b, 0, c, ., j, s, "", >, <, /, s, c, r, i, p, t, >, 
, <, s, c, r, i, p, t,  , c, r, o, s, s, o, r, i, g, i, n, =, "", a, n, o, n, y, m, o, u, s, "",  , d, e, f, e, r, =, "", d, e, f, e, r, "",  , t, y, p, e, =, "", a, p, p, l, i, c, a, t, i, o, n, /, j, a, v, a, s, c, r, i, p, t, "",  , s, r, c, =, "", h, t, t, p, s, :, /, /, g, i, t, h, u, b, ., g, i, t, h, u, b, a, s, s, e, t, s, ., c, o, m, /, a, s, s, e, t, s, /, v, e, n, d, o, r, s, -, n, o, d, e, _, m, o, d, u, l, e, s, _, g, i, t, h, u, b, _, f, i, l, t, e, r, -, i, n, p, u, t, -, e, l, e, m, e, n, t, _, d, i, s, t, _, i, n, d, e, x, _, j, s, -, n, o, d, e, _, m, o, d, u, l, e, s, _, g, i, t, h, u, b, _, r, e, m, o, t, e, -, i, n, p, -, b, 5, f, 1, d, 7, -, a, 1, 7, 6, 0, f, f, d, a, 8, 3, d, ., j, s, "", >, <, /, s, c, r, i, p, t, >, 
, <, s, c, r, i, p, t,  , c, r, o, s, s, o, r, i, g, i, n, =, "", a, n, o, n, y, m, o, u, s, "",  , d, e, f, e, r, =, "", d, e, f, e, r, "",  , t, y, p, e, =, "", a, p, p, l, i, c, a, t, i, o, n, /, j, a, v, a, s, c, r, i, p, t, "",  , s, r, c, =, "", h, t, t, p, s, :, /, /, g, i, t, h, u, b, ., g, i, t, h, u, b, a, s, s, e, t, s, ., c, o, m, /, a, s, s, e, t, s, /, v, e, n, d, o, r, s, -, n, o, d, e, _, m, o, d, u, l, e, s, _, g, i, t, h, u, b, _, m, a, r, k, d, o, w, n, -, t, o, o, l, b, a, r, -, e, l, e, m, e, n, t, _, d, i, s, t, _, i, n, d, e, x, _, j, s, -, c, e, e, f, 3, 3, f, 5, 9, 3, f, a, ., j, s, "", >, <, /, s, c, r, i, p, t, >, 
, <, s, c, r, i, p, t,  , c, r, o, s, s, o, r, i, g, i, n, =, "", a, n, o, n, y, m, o, u, s, "",  , d, e, f, e, r, =, "", d, e, f, e, r, "",  , t, y, p, e, =, "", a, p, p, l, i, c, a, t, i, o, n, /, j, a, v, a, s, c, r, i, p, t, "",  , s, r, c, =, "", h, t, t, p, s, :, /, /, g, i, t, h, u, b, ., g, i, t, h, u, b, a, s, s, e, t, s, ., c, o, m, /, a, s, s, e, t, s, /, v, e, n, d, o, r, s, -, n, o, d, e, _, m, o, d, u, l, e, s, _, g, i, t, h, u, b, _, f, i, l, e, -, a, t, t, a, c, h, m, e, n, t, -, e, l, e, m, e, n, t, _, d, i, s, t, _, i, n, d, e, x, _, j, s, -, n, o, d, e, _, m, o, d, u, l, e, s, _, p, r, i, m, e, r, _, v, i, e, w, -, c, o, -, c, 4, 4, a, 6, 9, -, f, 0, c, 8, a, 7, 9, 5, d, 1, f, d, ., j, s, "", >, <, /, s, c, r, i, p, t, >, 
, <, s, c, r, i, p, t,  , c, r, o, s, s, o, r, i, g, i, n, =, "", a, n, o, n, y, m, o, u, s, "",  , d, e, f, e, r, =, "", d, e, f, e, r, "",  , t, y, p, e, =, "", a, p, p, l, i, c, a, t, i, o, n, /, j, a, v, a, s, c, r, i, p, t, "",  , s, r, c, =, "", h, t, t, p, s, :, /, /, g, i, t, h, u, b, ., g, i, t, h, u, b, a, s, s, e, t, s, ., c, o, m, /, a, s, s, e, t, s, /, g, i, t, h, u, b, -, e, l, e, m, e, n, t, s, -, 6, d, d, 1, e, 7, 1, 0, 1, b, 1, 6, ., j, s, "", >, <, /, s, c, r, i, p, t, >, 
, <, s, c, r, i, p, t,  , c, r, o, s, s, o, r, i, g, i, n, =, "", a, n, o, n, y, m, o, u, s, "",  , d, e, f, e, r, =, "", d, e, f, e, r, "",  , t, y, p, e, =, "", a, p, p, l, i, c, a, t, i, o, n, /, j, a, v, a, s, c, r, i, p, t, "",  , s, r, c, =, "", h, t, t, p, s, :, /, /, g, i, t, h, u, b, ., g, i, t, h, u, b, a, s, s, e, t, s, ., c, o, m, /, a, s, s, e, t, s, /, e, l, e, m, e, n, t, -, r, e, g, i, s, t, r, y, -, d, 0, 1, 8, d, 1, d, c, 6, e, 2, 6, ., j, s, "", >, <, /, s, c, r, i, p, t, >, 
, <, s, c, r, i, p, t,  , c, r, o, s, s, o, r, i, g, i, n, =, "", a, n, o, n, y, m, o, u, s, "",  , d, e, f, e, r, =, "", d, e, f, e, r, "",  , t, y, p, e, =, "", a, p, p, l, i, c, a, t, i, o, n, /, j, a, v, a, s, c, r, i, p, t, "",  , s, r, c, =, "", h, t, t, p, s, :, /, /, g, i, t, h, u, b, ., g, i, t, h, u, b, a, s, s, e, t, s, ., c, o, m, /, a, s, s, e, t, s, /, v, e, n, d, o, r, s, -, n, o, d, e, _, m, o, d, u, l, e, s, _, b, r, a, i, n, t, r, e, e, _, b, r, o, w, s, e, r, -, d, e, t, e, c, t, i, o, n, _, d, i, s, t, _, b, r, o, w, s, e, r, -, d, e, t, e, c, t, i, o, n, _, j, s, -, n, o, d, e, _, m, o, d, u, l, e, s, _, g, i, t, h, u, -, b, b, 8, 0, e, c, -, 7, 2, 2, 6, 7, f, 4, e, 3, f, f, 9, ., j, s, "", >, <, /, s, c, r, i, p, t, >, 
, <, s, c, r, i, p, t,  , c, r, o, s, s, o, r, i, g, i, n, =, "", a, n, o, n, y, m, o, u, s, "",  , d, e, f, e, r, =, "", d, e, f, e, r, "",  , t, y, p, e, =, "", a, p, p, l, i, c, a, t, i, o, n, /, j, a, v, a, s, c, r, i, p, t, "",  , s, r, c, =, "", h, t, t, p, s, :, /, /, g, i, t, h, u, b, ., g, i, t, h, u, b, a, s, s, e, t, s, ., c, o, m, /, a, s, s, e, t, s, /, v, e, n, d, o, r, s, -, n, o, d, e, _, m, o, d, u, l, e, s, _, l, i, t, -, h, t, m, l, _, l, i, t, -, h, t, m, l, _, j, s, -, b, e, 8, c, b, 8, 8, f, 4, 8, 1, b, ., j, s, "", >, <, /, s, c, r, i, p, t, >, 
, <, s, c, r, i, p, t,  , c, r, o, s, s, o, r, i, g, i, n, =, "", a, n, o, n, y, m, o, u, s, "",  , d, e, f, e, r, =, "", d, e, f, e, r, "",  , t, y, p, e, =, "", a, p, p, l, i, c, a, t, i, o, n, /, j, a, v, a, s, c, r, i, p, t, "",  , s, r, c, =, "", h, t, t, p, s, :, /, /, g, i, t, h, u, b, ., g, i, t, h, u, b, a, s, s, e, t, s, ., c, o, m, /, a, s, s, e, t, s, /, v, e, n, d, o, r, s, -, n, o, d, e, _, m, o, d, u, l, e, s, _, g, i, t, h, u, b, _, m, i, n, i, -, t, h, r, o, t, t, l, e, _, d, i, s, t, _, i, n, d, e, x, _, j, s, -, n, o, d, e, _, m, o, d, u, l, e, s, _, m, o, r, p, h, d, o, m, _, d, i, s, t, _, m, o, r, p, h, d, o, m, -, e, -, 7, c, 5, 3, 4, c, -, a, 4, a, 1, 9, 2, 2, e, b, 5, 5, f, ., j, s, "", >, <, /, s, c, r, i, p, t, >, 
, <, s, c, r, i, p, t,  , c, r, o, s, s, o, r, i, g, i, n, =, "", a, n, o, n, y, m, o, u, s, "",  , d, e, f, e, r, =, "", d, e, f, e, r, "",  , t, y, p, e, =, "", a, p, p, l, i, c, a, t, i, o, n, /, j, a, v, a, s, c, r, i, p, t, "",  , s, r, c, =, "", h, t, t, p, s, :, /, /, g, i, t, h, u, b, ., g, i, t, h, u, b, a, s, s, e, t, s, ., c, o, m, /, a, s, s, e, t, s, /, v, e, n, d, o, r, s, -, n, o, d, e, _, m, o, d, u, l, e, s, _, g, i, t, h, u, b, _, t, u, r, b, o, _, d, i, s, t, _, t, u, r, b, o, _, e, s, 2, 0, 1, 7, -, e, s, m, _, j, s, -, e, 3, c, b, e, 2, 8, f, 1, 6, 3, 8, ., j, s, "", >, <, /, s, c, r, i, p, t, >, 
, <, s, c, r, i, p, t,  , c, r, o, s, s, o, r, i, g, i, n, =, "", a, n, o, n, y, m, o, u, s, "",  , d, e, f, e, r, =, "", d, e, f, e, r, "",  , t, y, p, e, =, "", a, p, p, l, i, c, a, t, i, o, n, /, j, a, v, a, s, c, r, i, p, t, "",  , s, r, c, =, "", h, t, t, p, s, :, /, /, g, i, t, h, u, b, ., g, i, t, h, u, b, a, s, s, e, t, s, ., c, o, m, /, a, s, s, e, t, s, /, v, e, n, d, o, r, s, -, n, o, d, e, _, m, o, d, u, l, e, s, _, g, i, t, h, u, b, _, r, e, m, o, t, e, -, f, o, r, m, _, d, i, s, t, _, i, n, d, e, x, _, j, s, -, n, o, d, e, _, m, o, d, u, l, e, s, _, d, e, l, e, g, a, t, e, d, -, e, v, e, n, t, s, _, d, i, s, t, _, i, n, d, e, -, 8, 9, 3, f, 9, f, -, 6, c, f, 3, 3, 2, 0, 4, 1, 6, b, 8, ., j, s, "", >, <, /, s, c, r, i, p, t, >, 
, <, s, c, r, i, p, t,  , c, r, o, s, s, o, r, i, g, i, n, =, "", a, n, o, n, y, m, o, u, s, "",  , d, e, f, e, r, =, "", d, e, f, e, r, "",  , t, y, p, e, =, "", a, p, p, l, i, c, a, t, i, o, n, /, j, a, v, a, s, c, r, i, p, t, "",  , s, r, c, =, "", h, t, t, p, s, :, /, /, g, i, t, h, u, b, ., g, i, t, h, u, b, a, s, s, e, t, s, ., c, o, m, /, a, s, s, e, t, s, /, v, e, n, d, o, r, s, -, n, o, d, e, _, m, o, d, u, l, e, s, _, c, o, l, o, r, -, c, o, n, v, e, r, t, _, i, n, d, e, x, _, j, s, -, e, 3, 1, 8, 0, f, e, 3, b, c, b, 3, ., j, s, "", >, <, /, s, c, r, i, p, t, >, 
, <, s, c, r, i, p, t,  , c, r, o, s, s, o, r, i, g, i, n, =, "", a, n, o, n, y, m, o, u, s, "",  , d, e, f, e, r, =, "", d, e, f, e, r, "",  , t, y, p, e, =, "", a, p, p, l, i, c, a, t, i, o, n, /, j, a, v, a, s, c, r, i, p, t, "",  , s, r, c, =, "", h, t, t, p, s, :, /, /, g, i, t, h, u, b, ., g, i, t, h, u, b, a, s, s, e, t, s, ., c, o, m, /, a, s, s, e, t, s, /, v, e, n, d, o, r, s, -, n, o, d, e, _, m, o, d, u, l, e, s, _, g, i, t, h, u, b, _, q, u, o, t, e, -, s, e, l, e, c, t, i, o, n, _, d, i, s, t, _, i, n, d, e, x, _, j, s, -, n, o, d, e, _, m, o, d, u, l, e, s, _, g, i, t, h, u, b, _, s, e, s, s, i, o, n, -, r, e, s, u, m, e, _, -, 6, 9, c, f, c, c, -, c, c, a, b, 5, 0, 6, e, c, f, 8, c, ., j, s, "", >, <, /, s, c, r, i, p, t, >, 
, <, s, c, r, i, p, t,  , c, r, o, s, s, o, r, i, g, i, n, =, "", a, n, o, n, y, m, o, u, s, "",  , d, e, f, e, r, =, "", d, e, f, e, r, "",  , t, y, p, e, =, "", a, p, p, l, i, c, a, t, i, o, n, /, j, a, v, a, s, c, r, i, p, t, "",  , s, r, c, =, "", h, t, t, p, s, :, /, /, g, i, t, h, u, b, ., g, i, t, h, u, b, a, s, s, e, t, s, ., c, o, m, /, a, s, s, e, t, s, /, u, i, _, p, a, c, k, a, g, e, s, _, u, p, d, a, t, a, b, l, e, -, c, o, n, t, e, n, t, _, u, p, d, a, t, a, b, l, e, -, c, o, n, t, e, n, t, _, t, s, -, 4, 3, 9, f, 4, 8, 4, 7, 0, 4, 2, 6, ., j, s, "", >, <, /, s, c, r, i, p, t, >, 
, <, s, c, r, i, p, t,  , c, r, o, s, s, o, r, i, g, i, n, =, "", a, n, o, n, y, m, o, u, s, "",  , d, e, f, e, r, =, "", d, e, f, e, r, "",  , t, y, p, e, =, "", a, p, p, l, i, c, a, t, i, o, n, /, j, a, v, a, s, c, r, i, p, t, "",  , s, r, c, =, "", h, t, t, p, s, :, /, /, g, i, t, h, u, b, ., g, i, t, h, u, b, a, s, s, e, t, s, ., c, o, m, /, a, s, s, e, t, s, /, a, p, p, _, a, s, s, e, t, s, _, m, o, d, u, l, e, s, _, g, i, t, h, u, b, _, b, e, h, a, v, i, o, r, s, _, t, a, s, k, -, l, i, s, t, _, t, s, -, a, p, p, _, a, s, s, e, t, s, _, m, o, d, u, l, e, s, _, g, i, t, h, u, b, _, s, s, o, _, t, s, -, u, i, _, p, a, c, k, a, g, e, s, -, 9, 0, 0, d, d, e, -, 8, 7, f, f, 5, f, 6, 4, f, 4, e, 2, ., j, s, "", >, <, /, s, c, r, i, p, t, >, 
, <, s, c, r, i, p, t,  , c, r, o, s, s, o, r, i, g, i, n, =, "", a, n, o, n, y, m, o, u, s, "",  , d, e, f, e, r, =, "", d, e, f, e, r, "",  , t, y, p, e, =, "", a, p, p, l, i, c, a, t, i, o, n, /, j, a, v, a, s, c, r, i, p, t, "",  , s, r, c, =, "", h, t, t, p, s, :, /, /, g, i, t, h, u, b, ., g, i, t, h, u, b, a, s, s, e, t, s, ., c, o, m, /, a, s, s, e, t, s, /, a, p, p, _, a, s, s, e, t, s, _, m, o, d, u, l, e, s, _, g, i, t, h, u, b, _, s, t, i, c, k, y, -, s, c, r, o, l, l, -, i, n, t, o, -, v, i, e, w, _, t, s, -, 5, 3, 1, 6, a, 2, 7, f, 9, 5, 7, 3, ., j, s, "", >, <, /, s, c, r, i, p, t, >, 
, <, s, c, r, i, p, t,  , c, r, o, s, s, o, r, i, g, i, n, =, "", a, n, o, n, y, m, o, u, s, "",  , d, e, f, e, r, =, "", d, e, f, e, r, "",  , t, y, p, e, =, "", a, p, p, l, i, c, a, t, i, o, n, /, j, a, v, a, s, c, r, i, p, t, "",  , s, r, c, =, "", h, t, t, p, s, :, /, /, g, i, t, h, u, b, ., g, i, t, h, u, b, a, s, s, e, t, s, ., c, o, m, /, a, s, s, e, t, s, /, a, p, p, _, a, s, s, e, t, s, _, m, o, d, u, l, e, s, _, g, i, t, h, u, b, _, b, e, h, a, v, i, o, r, s, _, a, j, a, x, -, e, r, r, o, r, _, t, s, -, a, p, p, _, a, s, s, e, t, s, _, m, o, d, u, l, e, s, _, g, i, t, h, u, b, _, b, e, h, a, v, i, o, r, s, _, i, n, c, l, u, d, e, -, 8, 7, a, 4, a, e, -, 3, 4, 2, d, 9, b, d, 8, f, e, 3, 6, ., j, s, "", >, <, /, s, c, r, i, p, t, >, 
, <, s, c, r, i, p, t,  , c, r, o, s, s, o, r, i, g, i, n, =, "", a, n, o, n, y, m, o, u, s, "",  , d, e, f, e, r, =, "", d, e, f, e, r, "",  , t, y, p, e, =, "", a, p, p, l, i, c, a, t, i, o, n, /, j, a, v, a, s, c, r, i, p, t, "",  , s, r, c, =, "", h, t, t, p, s, :, /, /, g, i, t, h, u, b, ., g, i, t, h, u, b, a, s, s, e, t, s, ., c, o, m, /, a, s, s, e, t, s, /, a, p, p, _, a, s, s, e, t, s, _, m, o, d, u, l, e, s, _, g, i, t, h, u, b, _, b, e, h, a, v, i, o, r, s, _, c, o, m, m, e, n, t, i, n, g, _, e, d, i, t, _, t, s, -, a, p, p, _, a, s, s, e, t, s, _, m, o, d, u, l, e, s, _, g, i, t, h, u, b, _, b, e, h, a, v, i, o, r, s, _, h, t, -, 8, 3, c, 2, 3, 5, -, 4, 2, e, 0, 6, 5, 4, 5, c, 1, f, a, ., j, s, "", >, <, /, s, c, r, i, p, t, >, 
, <, s, c, r, i, p, t,  , c, r, o, s, s, o, r, i, g, i, n, =, "", a, n, o, n, y, m, o, u, s, "",  , d, e, f, e, r, =, "", d, e, f, e, r, "",  , t, y, p, e, =, "", a, p, p, l, i, c, a, t, i, o, n, /, j, a, v, a, s, c, r, i, p, t, "",  , s, r, c, =, "", h, t, t, p, s, :, /, /, g, i, t, h, u, b, ., g, i, t, h, u, b, a, s, s, e, t, s, ., c, o, m, /, a, s, s, e, t, s, /, b, e, h, a, v, i, o, r, s, -, d, 8, d, e, 5, f, 9, 7, 9, 4, 9, a, ., j, s, "", >, <, /, s, c, r, i, p, t, >, 
, <, s, c, r, i, p, t,  , c, r, o, s, s, o, r, i, g, i, n, =, "", a, n, o, n, y, m, o, u, s, "",  , d, e, f, e, r, =, "", d, e, f, e, r, "",  , t, y, p, e, =, "", a, p, p, l, i, c, a, t, i, o, n, /, j, a, v, a, s, c, r, i, p, t, "",  , s, r, c, =, "", h, t, t, p, s, :, /, /, g, i, t, h, u, b, ., g, i, t, h, u, b, a, s, s, e, t, s, ., c, o, m, /, a, s, s, e, t, s, /, v, e, n, d, o, r, s, -, n, o, d, e, _, m, o, d, u, l, e, s, _, d, e, l, e, g, a, t, e, d, -, e, v, e, n, t, s, _, d, i, s, t, _, i, n, d, e, x, _, j, s, -, n, o, d, e, _, m, o, d, u, l, e, s, _, g, i, t, h, u, b, _, c, a, t, a, l, y, s, t, _, l, i, b, _, i, n, d, e, x, _, j, s, -, f, 6, 2, 2, 3, d, 9, 0, c, 7, b, a, ., j, s, "", >, <, /, s, c, r, i, p, t, >, 
, <, s, c, r, i, p, t,  , c, r, o, s, s, o, r, i, g, i, n, =, "", a, n, o, n, y, m, o, u, s, "",  , d, e, f, e, r, =, "", d, e, f, e, r, "",  , t, y, p, e, =, "", a, p, p, l, i, c, a, t, i, o, n, /, j, a, v, a, s, c, r, i, p, t, "",  , s, r, c, =, "", h, t, t, p, s, :, /, /, g, i, t, h, u, b, ., g, i, t, h, u, b, a, s, s, e, t, s, ., c, o, m, /, a, s, s, e, t, s, /, n, o, t, i, f, i, c, a, t, i, o, n, s, -, g, l, o, b, a, l, -, c, 0, 5, a, e, 0, 2, 1, 8, 4, 4, 8, ., j, s, "", >, <, /, s, c, r, i, p, t, >, 
, <, s, c, r, i, p, t,  , c, r, o, s, s, o, r, i, g, i, n, =, "", a, n, o, n, y, m, o, u, s, "",  , d, e, f, e, r, =, "", d, e, f, e, r, "",  , t, y, p, e, =, "", a, p, p, l, i, c, a, t, i, o, n, /, j, a, v, a, s, c, r, i, p, t, "",  , s, r, c, =, "", h, t, t, p, s, :, /, /, g, i, t, h, u, b, ., g, i, t, h, u, b, a, s, s, e, t, s, ., c, o, m, /, a, s, s, e, t, s, /, v, e, n, d, o, r, s, -, n, o, d, e, _, m, o, d, u, l, e, s, _, g, i, t, h, u, b, _, r, e, m, o, t, e, -, f, o, r, m, _, d, i, s, t, _, i, n, d, e, x, _, j, s, -, n, o, d, e, _, m, o, d, u, l, e, s, _, d, e, l, e, g, a, t, e, d, -, e, v, e, n, t, s, _, d, i, s, t, _, i, n, d, e, -, 2, e, f, 0, 7, 5, -, 0, c, 2, c, 1, f, 7, 7, b, 4, 1, 9, ., j, s, "", >, <, /, s, c, r, i, p, t, >, 
, <, s, c, r, i, p, t,  , c, r, o, s, s, o, r, i, g, i, n, =, "", a, n, o, n, y, m, o, u, s, "",  , d, e, f, e, r, =, "", d, e, f, e, r, "",  , t, y, p, e, =, "", a, p, p, l, i, c, a, t, i, o, n, /, j, a, v, a, s, c, r, i, p, t, "",  , s, r, c, =, "", h, t, t, p, s, :, /, /, g, i, t, h, u, b, ., g, i, t, h, u, b, a, s, s, e, t, s, ., c, o, m, /, a, s, s, e, t, s, /, p, r, o, f, i, l, e, -, e, 1, a, 8, 4, 1, 9, 6, b, d, 5, c, ., j, s, "", >, <, /, s, c, r, i, p, t, >, 
,  ,  , 
, 
,  ,  , <, t, i, t, l, e, >, a, u, g, u, s, t, i, n, t, s, a, n, g,  , (, A, u, g, u, s, t, i, n,  , T, s, a, n, g, ),  , ·,  , G, i, t, H, u, b, <, /, t, i, t, l, e, >, 
, 
, 
, 
,  ,  , <, m, e, t, a,  , n, a, m, e, =, "", r, o, u, t, e, -, p, a, t, t, e, r, n, "",  , c, o, n, t, e, n, t, =, "", /, :, u, s, e, r, _, i, d, (, ., :, f, o, r, m, a, t, ), "",  , d, a, t, a, -, t, u, r, b, o, -, t, r, a, n, s, i, e, n, t, >, 
,  ,  , <, m, e, t, a,  , n, a, m, e, =, "", r, o, u, t, e, -, c, o, n, t, r, o, l, l, e, r, "",  , c, o, n, t, e, n, t, =, "", p, r, o, f, i, l, e, s, "",  , d, a, t, a, -, t, u, r, b, o, -, t, r, a, n, s, i, e, n, t, >, 
,  ,  , <, m, e, t, a,  , n, a, m, e, =, "", r, o, u, t, e, -, a, c, t, i, o, n, "",  , c, o, n, t, e, n, t, =, "", s, h, o, w, "",  , d, a, t, a, -, t, u, r, b, o, -, t, r, a, n, s, i, e, n, t, >, 
, 
,  ,  ,  ,  , 
,  ,  , <, m, e, t, a,  , n, a, m, e, =, "", c, u, r, r, e, n, t, -, c, a, t, a, l, o, g, -, s, e, r, v, i, c, e, -, h, a, s, h, "",  , c, o, n, t, e, n, t, =, "", 4, a, 1, c, 5, 0, a, 8, 3, c, f, 6, c, c, 4, b, 5, 5, b, 6, b, 9, c, 5, 3, e, 5, 5, 3, e, 3, f, 8, 4, 7, c, 8, 7, 6, b, 8, 7, f, b, 3, 3, 3, f, 7, 1, f, 5, d, 0, 5, d, b, 8, f, 1, a, 7, d, b, "", >, 
, 
, 
,  ,  , <, m, e, t, a,  , n, a, m, e, =, "", r, e, q, u, e, s, t, -, i, d, "",  , c, o, n, t, e, n, t, =, "", E, C, 6, B, :, 3, D, 2, E, 8, A, :, 2, 5, D, 7, 2, 0, 6, :, 2, 6, D, 0, 1, A, 2, :, 6, 7, A, C, 1, 9, 3, 1, "",  , d, a, t, a, -, p, j, a, x, -, t, r, a, n, s, i, e, n, t, =, "", t, r, u, e, "", /, >, <, m, e, t, a,  , n, a, m, e, =, "", h, t, m, l, -, s, a, f, e, -, n, o, n, c, e, "",  , c, o, n, t, e, n, t, =, "", 3, 1, d, d, 3, 6, 5, 9, 4, 7, 1, 8, f, 6, 5, 6, b, 6, 9, a, 0, c, 5, 9, 1, f, 2, 6, b, c, 2, 2, 1, c, a, 0, e, e, 1, 2, f, c, e, 2, a, 1, b, a, 0, 3, 4, a, 4, 8, c, 7, 7, 4, 5, e, 3, a, 1, 2, "",  , d, a, t, a, -, p, j, a, x, -, t, r, a, n, s, i, e, n, t, =, "", t, r, u, e, "", /, >, <, m, e, t, a,  , n, a, m, e, =, "", v, i, s, i, t, o, r, -, p, a, y, l, o, a, d, "",  , c, o, n, t, e, n, t, =, "", e, y, J, y, Z, W, Z, l, c, n, J, l, c, i, I, 6, I, i, I, s, I, n, J, l, c, X, V, l, c, 3, R, f, a, W, Q, i, O, i, J, F, Q, z, Z, C, O, j, N, E, M, k, U, 4, Q, T, o, y, N, U, Q, 3, M, j, A, 2, O, j, I, 2, R, D, A, x, Q, T, "", "", :, N, j, d, B, Q, z, E, 5, M, z, E, i, L, C, J, 2, a, X, N, p, d, G, 9, y, X, 2, l, k, I, j, o, i, N, z, M, y, N, j, U, 3, N, T, Q, y, M, j, U, y, N, D, M, 2, N, T, E, w, N, S, I, s, I, n, J, l, Z, 2, l, v, b, l, 9, l, Z, G, d, l, I, j, o, i, c, 2, V, h, I, i, w, i, c, m, V, n, a, W, 9, u, X, 3, J, l, b, m, R, l, c, i, I, 6, I, n, N, l, Y, S, J, 9, "",  , d, a, t, a, -, p, j, a, x, -, t, r, a, n, s, i, e, n, t, =, "", t, r, u, e, "", /, >, <, m, e, t, a,  , n, a, m, e, =, "", v, i, s, i, t, o, r, -, h, m, a, c, "",  , c, o, n, t, e, n, t, =, "", f, e, 6, f, 6, 9, 8, 3, a, 4, 2, 6, 1, b, 8, d, c, 1, 8, 8, 5, e, 9, d, 2, 9, 3, 0, 2, f, 2, 5, 7, 4, 2, 2, a, e, 9, 0, 1, b, 4, 5, 5, c, b, 1, c, 1, 8, e, c, 9, 3, c, 6, d, 4, 3, 4, 3, e, 3, "",  , d, a, t, a, -, p, j, a, x, -, t, r, a, n, s, i, e, n, t, =, "", t, r, u, e, "", /, >, 
, 
, 
, 
, 
,  ,  , <, m, e, t, a,  , n, a, m, e, =, "", g, i, t, h, u, b, -, k, e, y, b, o, a, r, d, -, s, h, o, r, t, c, u, t, s, "",  , c, o, n, t, e, n, t, =, "", c, o, p, i, l, o, t, "",  , d, a, t, a, -, t, u, r, b, o, -, t, r, a, n, s, i, e, n, t, =, "", t, r, u, e, "",  , /, >, 
,  ,  , 
, 
,  ,  , <, m, e, t, a,  , n, a, m, e, =, "", s, e, l, e, c, t, e, d, -, l, i, n, k, "",  , v, a, l, u, e, =, "", o, v, e, r, v, i, e, w, "",  , d, a, t, a, -, t, u, r, b, o, -, t, r, a, n, s, i, e, n, t, >, 
,  ,  , <, l, i, n, k,  , r, e, l, =, "", a, s, s, e, t, s, "",  , h, r, e, f, =, "", h, t, t, p, s, :, /, /, g, i, t, h, u, b, ., g, i, t, h, u, b, a, s, s, e, t, s, ., c, o, m, /, "", >, 
, 
,  ,  ,  ,  , <, m, e, t, a,  , n, a, m, e, =, "", g, o, o, g, l, e, -, s, i, t, e, -, v, e, r, i, f, i, c, a, t, i, o, n, "",  , c, o, n, t, e, n, t, =, "", A, p, i, b, 7, -, x, 9, 8, H, 0, j, 5, c, P, q, H, W, w, S, M, m, 6, d, N, U, 4, G, m, O, D, R, o, q, x, L, i, D, z, d, x, 9, I, "", >, 
, 
, <, m, e, t, a,  , n, a, m, e, =, "", o, c, t, o, l, y, t, i, c, s, -, u, r, l, "",  , c, o, n, t, e, n, t, =, "", h, t, t, p, s, :, /, /, c, o, l, l, e, c, t, o, r, ., g, i, t, h, u, b, ., c, o, m, /, g, i, t, h, u, b, /, c, o, l, l, e, c, t, "",  , /, >, 
, 
,  ,  , <, m, e, t, a,  , n, a, m, e, =, "", a, n, a, l, y, t, i, c, s, -, l, o, c, a, t, i, o, n, "",  , c, o, n, t, e, n, t, =, "", /, &, l, t, ;, u, s, e, r, -, n, a, m, e, &, g, t, ;, "",  , d, a, t, a, -, t, u, r, b, o, -, t, r, a, n, s, i, e, n, t, =, "", t, r, u, e, "",  , /, >, 
, 
,  ,  , 
, 
, 
, 
, 
,  ,  ,  ,  , <, m, e, t, a,  , n, a, m, e, =, "", u, s, e, r, -, l, o, g, i, n, "",  , c, o, n, t, e, n, t, =, "", "", >, 
, 
,  ,  , 
, 
,  ,  ,  ,  , <, m, e, t, a,  , n, a, m, e, =, "", v, i, e, w, p, o, r, t, "",  , c, o, n, t, e, n, t, =, "", w, i, d, t, h, =, d, e, v, i, c, e, -, w, i, d, t, h, "", >, 
, 
,  ,  ,  ,  , 
, 
,  ,  ,  ,  ,  ,  , <, m, e, t, a,  , n, a, m, e, =, "", d, e, s, c, r, i, p, t, i, o, n, "",  , c, o, n, t, e, n, t, =, "", a, u, g, u, s, t, i, n, t, s, a, n, g,  , h, a, s,  , 1, 0,  , r, e, p, o, s, i, t, o, r, i, e, s,  , a, v, a, i, l, a, b, l, e, .,  , F, o, l, l, o, w,  , t, h, e, i, r,  , c, o, d, e,  , o, n,  , G, i, t, H, u, b, ., "", >, 
, 
,  ,  ,  ,  ,  ,  , <, l, i, n, k,  , r, e, l, =, "", s, e, a, r, c, h, "",  , t, y, p, e, =, "", a, p, p, l, i, c, a, t, i, o, n, /, o, p, e, n, s, e, a, r, c, h, d, e, s, c, r, i, p, t, i, o, n, +, x, m, l, "",  , h, r, e, f, =, "", /, o, p, e, n, s, e, a, r, c, h, ., x, m, l, "",  , t, i, t, l, e, =, "", G, i, t, H, u, b, "", >, 
, 
,  ,  ,  ,  , <, l, i, n, k,  , r, e, l, =, "", f, l, u, i, d, -, i, c, o, n, "",  , h, r, e, f, =, "", h, t, t, p, s, :, /, /, g, i, t, h, u, b, ., c, o, m, /, f, l, u, i, d, i, c, o, n, ., p, n, g, "",  , t, i, t, l, e, =, "", G, i, t, H, u, b, "", >, 
,  ,  ,  ,  , <, m, e, t, a,  , p, r, o, p, e, r, t, y, =, "", f, b, :, a, p, p, _, i, d, "",  , c, o, n, t, e, n, t, =, "", 1, 4, 0, 1, 4, 8, 8, 6, 9, 3, 4, 3, 6, 5, 2, 8, "", >, 
,  ,  ,  ,  , <, m, e, t, a,  , n, a, m, e, =, "", a, p, p, l, e, -, i, t, u, n, e, s, -, a, p, p, "",  , c, o, n, t, e, n, t, =, "", a, p, p, -, i, d, =, 1, 4, 7, 7, 3, 7, 6, 9, 0, 5, ,,  , a, p, p, -, a, r, g, u, m, e, n, t, =, h, t, t, p, s, :, /, /, g, i, t, h, u, b, ., c, o, m, /, a, u, g, u, s, t, i, n, t, s, a, n, g, "",  , /, >, 
, 
,  ,  ,  ,  ,  ,  , <, m, e, t, a,  , n, a, m, e, =, "", t, w, i, t, t, e, r, :, i, m, a, g, e, "",  , c, o, n, t, e, n, t, =, "", h, t, t, p, s, :, /, /, a, v, a, t, a, r, s, ., g, i, t, h, u, b, u, s, e, r, c, o, n, t, e, n, t, ., c, o, m, /, u, /, 1, 0, 2, 1, 3, 5, 1, 5, 4, ?, v, =, 4, ?, s, =, 4, 0, 0, "",  , /, >, <, m, e, t, a,  , n, a, m, e, =, "", t, w, i, t, t, e, r, :, s, i, t, e, "",  , c, o, n, t, e, n, t, =, "", @, g, i, t, h, u, b, "",  , /, >, <, m, e, t, a,  , n, a, m, e, =, "", t, w, i, t, t, e, r, :, c, a, r, d, "",  , c, o, n, t, e, n, t, =, "", s, u, m, m, a, r, y, "",  , /, >, <, m, e, t, a,  , n, a, m, e, =, "", t, w, i, t, t, e, r, :, t, i, t, l, e, "",  , c, o, n, t, e, n, t, =, "", a, u, g, u, s, t, i, n, t, s, a, n, g,  , -,  , O, v, e, r, v, i, e, w, "",  , /, >, <, m, e, t, a,  , n, a, m, e, =, "", t, w, i, t, t, e, r, :, d, e, s, c, r, i, p, t, i, o, n, "",  , c, o, n, t, e, n, t, =, "", a, u, g, u, s, t, i, n, t, s, a, n, g,  , h, a, s,  , 1, 0,  , r, e, p, o, s, i, t, o, r, i, e, s,  , a, v, a, i, l, a, b, l, e, .,  , F, o, l, l, o, w,  , t, h, e, i, r,  , c, o, d, e,  , o, n,  , G, i, t, H, u, b, ., "",  , /, >, 
,  ,  , <, m, e, t, a,  , p, r, o, p, e, r, t, y, =, "", o, g, :, i, m, a, g, e, "",  , c, o, n, t, e, n, t, =, "", h, t, t, p, s, :, /, /, a, v, a, t, a, r, s, ., g, i, t, h, u, b, u, s, e, r, c, o, n, t, e, n, t, ., c, o, m, /, u, /, 1, 0, 2, 1, 3, 5, 1, 5, 4, ?, v, =, 4, ?, s, =, 4, 0, 0, "",  , /, >, <, m, e, t, a,  , p, r, o, p, e, r, t, y, =, "", o, g, :, i, m, a, g, e, :, a, l, t, "",  , c, o, n, t, e, n, t, =, "", a, u, g, u, s, t, i, n, t, s, a, n, g,  , h, a, s,  , 1, 0,  , r, e, p, o, s, i, t, o, r, i, e, s,  , a, v, a, i, l, a, b, l, e, .,  , F, o, l, l, o, w,  , t, h, e, i, r,  , c, o, d, e,  , o, n,  , G, i, t, H, u, b, ., "",  , /, >, <, m, e, t, a,  , p, r, o, p, e, r, t, y, =, "", o, g, :, s, i, t, e, _, n, a, m, e, "",  , c, o, n, t, e, n, t, =, "", G, i, t, H, u, b, "",  , /, >, <, m, e, t, a,  , p, r, o, p, e, r, t, y, =, "", o, g, :, t, y, p, e, "",  , c, o, n, t, e, n, t, =, "", p, r, o, f, i, l, e, "",  , /, >, <, m, e, t, a,  , p, r, o, p, e, r, t, y, =, "", o, g, :, t, i, t, l, e, "",  , c, o, n, t, e, n, t, =, "", a, u, g, u, s, t, i, n, t, s, a, n, g,  , -,  , O, v, e, r, v, i, e, w, "",  , /, >, <, m, e, t, a,  , p, r, o, p, e, r, t, y, =, "", o, g, :, u, r, l, "",  , c, o, n, t, e, n, t, =, "", h, t, t, p, s, :, /, /, g, i, t, h, u, b, ., c, o, m, /, a, u, g, u, s, t, i, n, t, s, a, n, g, "",  , /, >, <, m, e, t, a,  , p, r, o, p, e, r, t, y, =, "", o, g, :, d, e, s, c, r, i, p, t, i, o, n, "",  , c, o, n, t, e, n, t, =, "", a, u, g, u, s, t, i, n, t, s, a, n, g,  , h, a, s,  , 1, 0,  , r, e, p, o, s, i, t, o, r, i, e, s,  , a, v, a, i, l, a, b, l, e, .,  , F, o, l, l, o, w,  , t, h, e, i, r,  , c, o, d, e,  , o, n,  , G, i, t, H, u, b, ., "",  , /, >, <, m, e, t, a,  , p, r, o, p, e, r, t, y, =, "", p, r, o, f, i, l, e, :, u, s, e, r, n, a, m, e, "",  , c, o, n, t, e, n, t, =, "", a, u, g, u, s, t, i, n, t, s, a, n, g, "",  , /, >, 
,  ,  , 
, 
, 
, 
, 
,  ,  ,  ,  ,  ,  , <, m, e, t, a,  , n, a, m, e, =, "", h, o, s, t, n, a, m, e, "",  , c, o, n, t, e, n, t, =, "", g, i, t, h, u, b, ., c, o, m, "", >, 
, 
, 
, 
,  ,  ,  ,  ,  ,  ,  ,  , <, m, e, t, a,  , n, a, m, e, =, "", e, x, p, e, c, t, e, d, -, h, o, s, t, n, a, m, e, "",  , c, o, n, t, e, n, t, =, "", g, i, t, h, u, b, ., c, o, m, "", >, 
, 
, 
,  ,  , <, m, e, t, a,  , h, t, t, p, -, e, q, u, i, v, =, "", x, -, p, j, a, x, -, v, e, r, s, i, o, n, "",  , c, o, n, t, e, n, t, =, "", b, 0, 6, 6, d, 6, c, 9, 4, 9, 0, 9, 6, 2, 7, 2, 2, f, b, 8, 1, c, e, 9, 7, 5, 0, 5, 5, 8, e, 5, 2, 5, 5, 1, b, 3, a, 0, f, 2, a, 2, 4, 0, 0, a, 5, b, 4, 4, 9, b, f, 4, 1, 6, 8, c, 3, 4, 6, f, "",  , d, a, t, a, -, t, u, r, b, o, -, t, r, a, c, k, =, "", r, e, l, o, a, d, "", >, 
,  ,  , <, m, e, t, a,  , h, t, t, p, -, e, q, u, i, v, =, "", x, -, p, j, a, x, -, c, s, p, -, v, e, r, s, i, o, n, "",  , c, o, n, t, e, n, t, =, "", a, c, e, 3, 9, c, 3, b, 6, 6, 3, 2, 7, 7, 0, 9, 5, 2, 2, 0, 7, 5, 9, 3, 6, 0, 7, e, 6, e, 0, b, e, 0, d, b, 3, 6, 3, 4, 3, 5, a, 8, b, 8, 7, 7, b, 1, f, 9, 6, a, b, e, 6, 4, 3, 0, f, 3, 4, 5, "",  , d, a, t, a, -, t, u, r, b, o, -, t, r, a, c, k, =, "", r, e, l, o, a, d, "", >, 
,  ,  , <, m, e, t, a,  , h, t, t, p, -, e, q, u, i, v, =, "", x, -, p, j, a, x, -, c, s, s, -, v, e, r, s, i, o, n, "",  , c, o, n, t, e, n, t, =, "", 1, c, b, e, 6, 2, 8, 8, 1, c, 6, 6, 8, 3, f, c, c, 2, 2, 8, 1, e, 8, 4, 2, b, 1, 3, c, 8, c, 7, 9, 7, 0, d, b, 6, 8, 2, 2, 2, a, a, 7, 0, b, 3, b, f, e, 0, c, 6, b, 8, 4, e, c, 0, 8, 6, 6, f, "",  , d, a, t, a, -, t, u, r, b, o, -, t, r, a, c, k, =, "", r, e, l, o, a, d, "", >, 
,  ,  , <, m, e, t, a,  , h, t, t, p, -, e, q, u, i, v, =, "", x, -, p, j, a, x, -, j, s, -, v, e, r, s, i, o, n, "",  , c, o, n, t, e, n, t, =, "", 6, 5, 4, 6, 3, 1, a, b, 2, 3, f, 5, 8, 9, d, 0, 9, f, 5, f, 8, b, c, 1, 5, 7, 0, e, d, 1, f, 0, 3, d, 7, 7, f, 9, 8, e, 0, 0, c, 8, d, 7, b, 1, 0, e, e, f, c, f, 8, f, b, d, 9, 8, 8, 3, 0, e, "",  , d, a, t, a, -, t, u, r, b, o, -, t, r, a, c, k, =, "", r, e, l, o, a, d, "", >, 
, 
,  ,  , <, m, e, t, a,  , n, a, m, e, =, "", t, u, r, b, o, -, c, a, c, h, e, -, c, o, n, t, r, o, l, "",  , c, o, n, t, e, n, t, =, "", n, o, -, p, r, e, v, i, e, w, "",  , d, a, t, a, -, t, u, r, b, o, -, t, r, a, n, s, i, e, n, t, =, "", "", >, 
, 
,  ,  ,  ,  , <, m, e, t, a,  , n, a, m, e, =, "", o, c, t, o, l, y, t, i, c, s, -, d, i, m, e, n, s, i, o, n, -, u, s, e, r, _, i, d, "",  , c, o, n, t, e, n, t, =, "", 1, 0, 2, 1, 3, 5, 1, 5, 4, "",  , /, >, <, m, e, t, a,  , n, a, m, e, =, "", o, c, t, o, l, y, t, i, c, s, -, d, i, m, e, n, s, i, o, n, -, u, s, e, r, _, l, o, g, i, n, "",  , c, o, n, t, e, n, t, =, "", a, u, g, u, s, t, i, n, t, s, a, n, g, "",  , /, >, 
, 
, 
,  ,  ,  ,  ,  ,  , <, l, i, n, k,  , r, e, l, =, "", c, a, n, o, n, i, c, a, l, "",  , h, r, e, f, =, "", h, t, t, p, s, :, /, /, g, i, t, h, u, b, ., c, o, m, /, a, u, g, u, s, t, i, n, t, s, a, n, g, "",  , d, a, t, a, -, t, u, r, b, o, -, t, r, a, n, s, i, e, n, t, >, 
, 
, 
,  ,  ,  ,  , <, m, e, t, a,  , n, a, m, e, =, "", t, u, r, b, o, -, b, o, d, y, -, c, l, a, s, s, e, s, "",  , c, o, n, t, e, n, t, =, "", l, o, g, g, e, d, -, o, u, t,  , e, n, v, -, p, r, o, d, u, c, t, i, o, n,  , p, a, g, e, -, r, e, s, p, o, n, s, i, v, e,  , p, a, g, e, -, p, r, o, f, i, l, e, "", >, 
, 
, 
,  ,  , <, m, e, t, a,  , n, a, m, e, =, "", b, r, o, w, s, e, r, -, s, t, a, t, s, -, u, r, l, "",  , c, o, n, t, e, n, t, =, "", h, t, t, p, s, :, /, /, a, p, i, ., g, i, t, h, u, b, ., c, o, m, /, _, p, r, i, v, a, t, e, /, b, r, o, w, s, e, r, /, s, t, a, t, s, "", >, 
, 
,  ,  , <, m, e, t, a,  , n, a, m, e, =, "", b, r, o, w, s, e, r, -, e, r, r, o, r, s, -, u, r, l, "",  , c, o, n, t, e, n, t, =, "", h, t, t, p, s, :, /, /, a, p, i, ., g, i, t, h, u, b, ., c, o, m, /, _, p, r, i, v, a, t, e, /, b, r, o, w, s, e, r, /, e, r, r, o, r, s, "", >, 
, 
,  ,  , <, l, i, n, k,  , r, e, l, =, "", m, a, s, k, -, i, c, o, n, "",  , h, r, e, f, =, "", h, t, t, p, s, :, /, /, g, i, t, h, u, b, ., g, i, t, h, u, b, a, s, s, e, t, s, ., c, o, m, /, a, s, s, e, t, s, /, p, i, n, n, e, d, -, o, c, t, o, c, a, t, -, 0, 9, 3, d, a, 3, e, 6, f, a, 4, 0, ., s, v, g, "",  , c, o, l, o, r, =, "", #, 0, 0, 0, 0, 0, 0, "", >, 
,  ,  , <, l, i, n, k,  , r, e, l, =, "", a, l, t, e, r, n, a, t, e,  , i, c, o, n, "",  , c, l, a, s, s, =, "", j, s, -, s, i, t, e, -, f, a, v, i, c, o, n, "",  , t, y, p, e, =, "", i, m, a, g, e, /, p, n, g, "",  , h, r, e, f, =, "", h, t, t, p, s, :, /, /, g, i, t, h, u, b, ., g, i, t, h, u, b, a, s, s, e, t, s, ., c, o, m, /, f, a, v, i, c, o, n, s, /, f, a, v, i, c, o, n, ., p, n, g, "", >, 
,  ,  , <, l, i, n, k,  , r, e, l, =, "", i, c, o, n, "",  , c, l, a, s, s, =, "", j, s, -, s, i, t, e, -, f, a, v, i, c, o, n, "",  , t, y, p, e, =, "", i, m, a, g, e, /, s, v, g, +, x, m, l, "",  , h, r, e, f, =, "", h, t, t, p, s, :, /, /, g, i, t, h, u, b, ., g, i, t, h, u, b, a, s, s, e, t, s, ., c, o, m, /, f, a, v, i, c, o, n, s, /, f, a, v, i, c, o, n, ., s, v, g, "",  , d, a, t, a, -, b, a, s, e, -, h, r, e, f, =, "", h, t, t, p, s, :, /, /, g, i, t, h, u, b, ., g, i, t, h, u, b, a, s, s, e, t, s, ., c, o, m, /, f, a, v, i, c, o, n, s, /, f, a, v, i, c, o, n, "", >, 
, 
, <, m, e, t, a,  , n, a, m, e, =, "", t, h, e, m, e, -, c, o, l, o, r, "",  , c, o, n, t, e, n, t, =, "", #, 1, e, 2, 3, 2, 7, "", >, 
, <, m, e, t, a,  , n, a, m, e, =, "", c, o, l, o, r, -, s, c, h, e, m, e, "",  , c, o, n, t, e, n, t, =, "", l, i, g, h, t,  , d, a, r, k, "",  , /, >, 
, 
, 
,  ,  , <, l, i, n, k,  , r, e, l, =, "", m, a, n, i, f, e, s, t, "",  , h, r, e, f, =, "", /, m, a, n, i, f, e, s, t, ., j, s, o, n, "",  , c, r, o, s, s, O, r, i, g, i, n, =, "", u, s, e, -, c, r, e, d, e, n, t, i, a, l, s, "", >, 
, 
,  ,  , <, /, h, e, a, d, >, 
, 
,  ,  , <, b, o, d, y,  , c, l, a, s, s, =, "", l, o, g, g, e, d, -, o, u, t,  , e, n, v, -, p, r, o, d, u, c, t, i, o, n,  , p, a, g, e, -, r, e, s, p, o, n, s, i, v, e,  , p, a, g, e, -, p, r, o, f, i, l, e, "",  , s, t, y, l, e, =, "", w, o, r, d, -, w, r, a, p, :,  , b, r, e, a, k, -, w, o, r, d, ;, "", >, 
,  ,  ,  ,  , <, d, i, v,  , d, a, t, a, -, t, u, r, b, o, -, b, o, d, y,  , c, l, a, s, s, =, "", l, o, g, g, e, d, -, o, u, t,  , e, n, v, -, p, r, o, d, u, c, t, i, o, n,  , p, a, g, e, -, r, e, s, p, o, n, s, i, v, e,  , p, a, g, e, -, p, r, o, f, i, l, e, "",  , s, t, y, l, e, =, "", w, o, r, d, -, w, r, a, p, :,  , b, r, e, a, k, -, w, o, r, d, ;, "", >, 
,  ,  ,  ,  ,  ,  , 
, 
, 
,  ,  ,  ,  , <, d, i, v,  , c, l, a, s, s, =, "", p, o, s, i, t, i, o, n, -, r, e, l, a, t, i, v, e,  , h, e, a, d, e, r, -, w, r, a, p, p, e, r,  , j, s, -, h, e, a, d, e, r, -, w, r, a, p, p, e, r,  , "", >, 
,  ,  ,  ,  ,  ,  , <, a,  , h, r, e, f, =, "", #, s, t, a, r, t, -, o, f, -, c, o, n, t, e, n, t, "",  , d, a, t, a, -, s, k, i, p, -, t, a, r, g, e, t, -, a, s, s, i, g, n, e, d, =, "", f, a, l, s, e, "",  , c, l, a, s, s, =, "", p, x, -, 2,  , p, y, -, 4,  , c, o, l, o, r, -, b, g, -, a, c, c, e, n, t, -, e, m, p, h, a, s, i, s,  , c, o, l, o, r, -, f, g, -, o, n, -, e, m, p, h, a, s, i, s,  , s, h, o, w, -, o, n, -, f, o, c, u, s,  , j, s, -, s, k, i, p, -, t, o, -, c, o, n, t, e, n, t, "", >, S, k, i, p,  , t, o,  , c, o, n, t, e, n, t, <, /, a, >, 
, 
,  ,  ,  ,  ,  ,  , <, s, p, a, n,  , d, a, t, a, -, v, i, e, w, -, c, o, m, p, o, n, e, n, t, =, "", t, r, u, e, "",  , c, l, a, s, s, =, "", p, r, o, g, r, e, s, s, -, p, j, a, x, -, l, o, a, d, e, r,  , P, r, o, g, r, e, s, s,  , p, o, s, i, t, i, o, n, -, f, i, x, e, d,  , w, i, d, t, h, -, f, u, l, l, "", >, 
,  ,  ,  ,  , <, s, p, a, n,  , s, t, y, l, e, =, "", w, i, d, t, h, :,  , 0, %, ;, "",  , d, a, t, a, -, v, i, e, w, -, c, o, m, p, o, n, e, n, t, =, "", t, r, u, e, "",  , c, l, a, s, s, =, "", P, r, o, g, r, e, s, s, -, i, t, e, m,  , p, r, o, g, r, e, s, s, -, p, j, a, x, -, l, o, a, d, e, r, -, b, a, r,  , l, e, f, t, -, 0,  , t, o, p, -, 0,  , c, o, l, o, r, -, b, g, -, a, c, c, e, n, t, -, e, m, p, h, a, s, i, s, "", >, <, /, s, p, a, n, >, 
, <, /, s, p, a, n, >,  ,  ,  ,  ,  ,  , 
,  ,  ,  ,  ,  ,  , 
,  ,  ,  ,  ,  ,  , <, s, c, r, i, p, t,  , c, r, o, s, s, o, r, i, g, i, n, =, "", a, n, o, n, y, m, o, u, s, "",  , d, e, f, e, r, =, "", d, e, f, e, r, "",  , t, y, p, e, =, "", a, p, p, l, i, c, a, t, i, o, n, /, j, a, v, a, s, c, r, i, p, t, "",  , s, r, c, =, "", h, t, t, p, s, :, /, /, g, i, t, h, u, b, ., g, i, t, h, u, b, a, s, s, e, t, s, ., c, o, m, /, a, s, s, e, t, s, /, p, r, i, m, e, r, -, r, e, a, c, t, -, 8, c, e, 8, f, 9, e, 2, d, 7, 4, 1, ., j, s, "", >, <, /, s, c, r, i, p, t, >, 
, <, s, c, r, i, p, t,  , c, r, o, s, s, o, r, i, g, i, n, =, "", a, n, o, n, y, m, o, u, s, "",  , d, e, f, e, r, =, "", d, e, f, e, r, "",  , t, y, p, e, =, "", a, p, p, l, i, c, a, t, i, o, n, /, j, a, v, a, s, c, r, i, p, t, "",  , s, r, c, =, "", h, t, t, p, s, :, /, /, g, i, t, h, u, b, ., g, i, t, h, u, b, a, s, s, e, t, s, ., c, o, m, /, a, s, s, e, t, s, /, r, e, a, c, t, -, c, o, r, e, -, 7, 0, 5, 0, 9, 3, d, 9, 1, b, a, d, ., j, s, "", >, <, /, s, c, r, i, p, t, >, 
, <, s, c, r, i, p, t,  , c, r, o, s, s, o, r, i, g, i, n, =, "", a, n, o, n, y, m, o, u, s, "",  , d, e, f, e, r, =, "", d, e, f, e, r, "",  , t, y, p, e, =, "", a, p, p, l, i, c, a, t, i, o, n, /, j, a, v, a, s, c, r, i, p, t, "",  , s, r, c, =, "", h, t, t, p, s, :, /, /, g, i, t, h, u, b, ., g, i, t, h, u, b, a, s, s, e, t, s, ., c, o, m, /, a, s, s, e, t, s, /, r, e, a, c, t, -, l, i, b, -, f, 0, 9, 8, 6, 8, a, 8, 6, 4, 3, f, ., j, s, "", >, <, /, s, c, r, i, p, t, >, 
, <, s, c, r, i, p, t,  , c, r, o, s, s, o, r, i, g, i, n, =, "", a, n, o, n, y, m, o, u, s, "",  , d, e, f, e, r, =, "", d, e, f, e, r, "",  , t, y, p, e, =, "", a, p, p, l, i, c, a, t, i, o, n, /, j, a, v, a, s, c, r, i, p, t, "",  , s, r, c, =, "", h, t, t, p, s, :, /, /, g, i, t, h, u, b, ., g, i, t, h, u, b, a, s, s, e, t, s, ., c, o, m, /, a, s, s, e, t, s, /, o, c, t, i, c, o, n, s, -, r, e, a, c, t, -, 6, 1, 1, 6, 9, 1, c, c, a, 2, f, 6, ., j, s, "", >, <, /, s, c, r, i, p, t, >, 
, <, s, c, r, i, p, t,  , c, r, o, s, s, o, r, i, g, i, n, =, "", a, n, o, n, y, m, o, u, s, "",  , d, e, f, e, r, =, "", d, e, f, e, r, "",  , t, y, p, e, =, "", a, p, p, l, i, c, a, t, i, o, n, /, j, a, v, a, s, c, r, i, p, t, "",  , s, r, c, =, "", h, t, t, p, s, :, /, /, g, i, t, h, u, b, ., g, i, t, h, u, b, a, s, s, e, t, s, ., c, o, m, /, a, s, s, e, t, s, /, v, e, n, d, o, r, s, -, n, o, d, e, _, m, o, d, u, l, e, s, _, e, m, o, t, i, o, n, _, i, s, -, p, r, o, p, -, v, a, l, i, d, _, d, i, s, t, _, e, m, o, t, i, o, n, -, i, s, -, p, r, o, p, -, v, a, l, i, d, _, e, s, m, _, j, s, -, n, o, d, e, _, m, o, d, u, l, e, s, _, e, m, o, -, 6, 2, d, a, 9, f, -, 2, d, f, 2, f, 3, 2, e, c, 5, 9, 6, ., j, s, "", >, <, /, s, c, r, i, p, t, >, 
, <, s, c, r, i, p, t,  , c, r, o, s, s, o, r, i, g, i, n, =, "", a, n, o, n, y, m, o, u, s, "",  , d, e, f, e, r, =, "", d, e, f, e, r, "",  , t, y, p, e, =, "", a, p, p, l, i, c, a, t, i, o, n, /, j, a, v, a, s, c, r, i, p, t, "",  , s, r, c, =, "", h, t, t, p, s, :, /, /, g, i, t, h, u, b, ., g, i, t, h, u, b, a, s, s, e, t, s, ., c, o, m, /, a, s, s, e, t, s, /, v, e, n, d, o, r, s, -, n, o, d, e, _, m, o, d, u, l, e, s, _, g, i, t, h, u, b, _, m, i, n, i, -, t, h, r, o, t, t, l, e, _, d, i, s, t, _, i, n, d, e, x, _, j, s, -, n, o, d, e, _, m, o, d, u, l, e, s, _, s, t, a, c, k, t, r, a, c, e, -, p, a, r, s, e, r, _, d, i, s, t, _, s, -, e, 7, d, c, d, d, -, f, 7, c, c, 9, 6, e, b, a, e, 7, 6, ., j, s, "", >, <, /, s, c, r, i, p, t, >, 
, <, s, c, r, i, p, t,  , c, r, o, s, s, o, r, i, g, i, n, =, "", a, n, o, n, y, m, o, u, s, "",  , d, e, f, e, r, =, "", d, e, f, e, r, "",  , t, y, p, e, =, "", a, p, p, l, i, c, a, t, i, o, n, /, j, a, v, a, s, c, r, i, p, t, "",  , s, r, c, =, "", h, t, t, p, s, :, /, /, g, i, t, h, u, b, ., g, i, t, h, u, b, a, s, s, e, t, s, ., c, o, m, /, a, s, s, e, t, s, /, v, e, n, d, o, r, s, -, n, o, d, e, _, m, o, d, u, l, e, s, _, o, d, d, b, i, r, d, _, p, o, p, o, v, e, r, -, p, o, l, y, f, i, l, l, _, d, i, s, t, _, p, o, p, o, v, e, r, -, f, n, _, j, s, -, 5, 5, f, e, a, 9, 4, 1, 7, 4, b, f, ., j, s, "", >, <, /, s, c, r, i, p, t, >, 
, <, s, c, r, i, p, t,  , c, r, o, s, s, o, r, i, g, i, n, =, "", a, n, o, n, y, m, o, u, s, "",  , d, e, f, e, r, =, "", d, e, f, e, r, "",  , t, y, p, e, =, "", a, p, p, l, i, c, a, t, i, o, n, /, j, a, v, a, s, c, r, i, p, t, "",  , s, r, c, =, "", h, t, t, p, s, :, /, /, g, i, t, h, u, b, ., g, i, t, h, u, b, a, s, s, e, t, s, ., c, o, m, /, a, s, s, e, t, s, /, u, i, _, p, a, c, k, a, g, e, s, _, u, i, -, c, o, m, m, a, n, d, s, _, u, i, -, c, o, m, m, a, n, d, s, _, t, s, -, 0, 4, 6, d, d, 3, 2, 3, b, 6, c, e, ., j, s, "", >, <, /, s, c, r, i, p, t, >, 
, <, s, c, r, i, p, t,  , c, r, o, s, s, o, r, i, g, i, n, =, "", a, n, o, n, y, m, o, u, s, "",  , d, e, f, e, r, =, "", d, e, f, e, r, "",  , t, y, p, e, =, "", a, p, p, l, i, c, a, t, i, o, n, /, j, a, v, a, s, c, r, i, p, t, "",  , s, r, c, =, "", h, t, t, p, s, :, /, /, g, i, t, h, u, b, ., g, i, t, h, u, b, a, s, s, e, t, s, ., c, o, m, /, a, s, s, e, t, s, /, k, e, y, b, o, a, r, d, -, s, h, o, r, t, c, u, t, s, -, d, i, a, l, o, g, -, 2, 9, 4, 0, 6, 7, 0, 6, 7, 2, 8, 8, ., j, s, "", >, <, /, s, c, r, i, p, t, >, 
, <, l, i, n, k,  , c, r, o, s, s, o, r, i, g, i, n, =, "", a, n, o, n, y, m, o, u, s, "",  , m, e, d, i, a, =, "", a, l, l, "",  , r, e, l, =, "", s, t, y, l, e, s, h, e, e, t, "",  , h, r, e, f, =, "", h, t, t, p, s, :, /, /, g, i, t, h, u, b, ., g, i, t, h, u, b, a, s, s, e, t, s, ., c, o, m, /, a, s, s, e, t, s, /, p, r, i, m, e, r, -, r, e, a, c, t, ., 0, c, 1, 0, 2, f, 9, c, c, 3, 3, d, 9, 1, a, c, 8, d, d, 5, ., m, o, d, u, l, e, ., c, s, s, "",  , /, >, 
, 
, <, r, e, a, c, t, -, p, a, r, t, i, a, l, 
,  ,  , p, a, r, t, i, a, l, -, n, a, m, e, =, "", k, e, y, b, o, a, r, d, -, s, h, o, r, t, c, u, t, s, -, d, i, a, l, o, g, "", 
,  ,  , d, a, t, a, -, s, s, r, =, "", f, a, l, s, e, "", 
,  ,  , d, a, t, a, -, a, t, t, e, m, p, t, e, d, -, s, s, r, =, "", f, a, l, s, e, "", 
, >, 
,  ,  , 
,  ,  , <, s, c, r, i, p, t,  , t, y, p, e, =, "", a, p, p, l, i, c, a, t, i, o, n, /, j, s, o, n, "",  , d, a, t, a, -, t, a, r, g, e, t, =, "", r, e, a, c, t, -, p, a, r, t, i, a, l, ., e, m, b, e, d, d, e, d, D, a, t, a, "", >, {, "", p, r, o, p, s, "", :, {, "", d, o, c, s, U, r, l, "", :, "", h, t, t, p, s, :, /, /, d, o, c, s, ., g, i, t, h, u, b, ., c, o, m, /, g, e, t, -, s, t, a, r, t, e, d, /, a, c, c, e, s, s, i, b, i, l, i, t, y, /, k, e, y, b, o, a, r, d, -, s, h, o, r, t, c, u, t, s, "", }, }, <, /, s, c, r, i, p, t, >, 
,  ,  , <, d, i, v,  , d, a, t, a, -, t, a, r, g, e, t, =, "", r, e, a, c, t, -, p, a, r, t, i, a, l, ., r, e, a, c, t, R, o, o, t, "", >, <, /, d, i, v, >, 
, <, /, r, e, a, c, t, -, p, a, r, t, i, a, l, >, 
, 
, 
, 
, 
,  ,  ,  ,  ,  ,  , 
, 
,  ,  ,  ,  ,  ,  ,  ,  ,  ,  , 
, 
,  ,  ,  ,  ,  ,  ,  ,  ,  ,  ,  ,  ,  ,  , 
, <, s, c, r, i, p, t,  , c, r, o, s, s, o, r, i, g, i, n, =, "", a, n, o, n, y, m, o, u, s, "",  , d, e, f, e, r, =, "", d, e, f, e, r, "",  , t, y, p, e, =, "", a, p, p, l, i, c, a, t, i, o, n, /, j, a, v, a, s, c, r, i, p, t, "",  , s, r, c, =, "", h, t, t, p, s, :, /, /, g, i, t, h, u, b, ., g, i, t, h, u, b, a, s, s, e, t, s, ., c, o, m, /, a, s, s, e, t, s, /, v, e, n, d, o, r, s, -, n, o, d, e, _, m, o, d, u, l, e, s, _, g, i, t, h, u, b, _, r, e, m, o, t, e, -, f, o, r, m, _, d, i, s, t, _, i, n, d, e, x, _, j, s, -, n, o, d, e, _, m, o, d, u, l, e, s, _, d, e, l, e, g, a, t, e, d, -, e, v, e, n, t, s, _, d, i, s, t, _, i, n, d, e, -, 9, 4, f, d, 6, 7, -, 7, 3, b, 6, 7, 5, c, f, 1, 6, 4, a, ., j, s, "", >, <, /, s, c, r, i, p, t, >, 
, <, s, c, r, i, p, t,  , c, r, o, s, s, o, r, i, g, i, n, =, "", a, n, o, n, y, m, o, u, s, "",  , d, e, f, e, r, =, "", d, e, f, e, r, "",  , t, y, p, e, =, "", a, p, p, l, i, c, a, t, i, o, n, /, j, a, v, a, s, c, r, i, p, t, "",  , s, r, c, =, "", h, t, t, p, s, :, /, /, g, i, t, h, u, b, ., g, i, t, h, u, b, a, s, s, e, t, s, ., c, o, m, /, a, s, s, e, t, s, /, s, e, s, s, i, o, n, s, -, f, c, 2, 2, c, 4, 1, 2, 4, 7, c, a, ., j, s, "", >, <, /, s, c, r, i, p, t, >, 
, <, h, e, a, d, e, r,  , c, l, a, s, s, =, "", H, e, a, d, e, r, M, k, t, g,  , h, e, a, d, e, r, -, l, o, g, g, e, d, -, o, u, t,  , j, s, -, d, e, t, a, i, l, s, -, c, o, n, t, a, i, n, e, r,  , j, s, -, h, e, a, d, e, r,  , D, e, t, a, i, l, s,  , f, 4,  , p, y, -, 3, "",  , r, o, l, e, =, "", b, a, n, n, e, r, "",  , d, a, t, a, -, i, s, -, t, o, p, =, "", t, r, u, e, "",  , d, a, t, a, -, c, o, l, o, r, -, m, o, d, e, =, l, i, g, h, t,  , d, a, t, a, -, l, i, g, h, t, -, t, h, e, m, e, =, l, i, g, h, t,  , d, a, t, a, -, d, a, r, k, -, t, h, e, m, e, =, d, a, r, k, >, 
,  ,  , <, h, 2,  , c, l, a, s, s, =, "", s, r, -, o, n, l, y, "", >, N, a, v, i, g, a, t, i, o, n,  , M, e, n, u, <, /, h, 2, >, 
, 
,  ,  , <, b, u, t, t, o, n,  , t, y, p, e, =, "", b, u, t, t, o, n, "",  , c, l, a, s, s, =, "", H, e, a, d, e, r, M, k, t, g, -, b, a, c, k, d, r, o, p,  , d, -, l, g, -, n, o, n, e,  , b, o, r, d, e, r, -, 0,  , p, o, s, i, t, i, o, n, -, f, i, x, e, d,  , t, o, p, -, 0,  , l, e, f, t, -, 0,  , w, i, d, t, h, -, f, u, l, l,  , h, e, i, g, h, t, -, f, u, l, l,  , j, s, -, d, e, t, a, i, l, s, -, t, a, r, g, e, t, "",  , a, r, i, a, -, l, a, b, e, l, =, "", T, o, g, g, l, e,  , n, a, v, i, g, a, t, i, o, n, "", >, 
,  ,  ,  ,  , <, s, p, a, n,  , c, l, a, s, s, =, "", d, -, n, o, n, e, "", >, T, o, g, g, l, e,  , n, a, v, i, g, a, t, i, o, n, <, /, s, p, a, n, >, 
,  ,  , <, /, b, u, t, t, o, n, >, 
, 
,  ,  , <, d, i, v,  , c, l, a, s, s, =, "", d, -, f, l, e, x,  , f, l, e, x, -, c, o, l, u, m, n,  , f, l, e, x, -, l, g, -, r, o, w,  , f, l, e, x, -, i, t, e, m, s, -, c, e, n, t, e, r,  , p, x, -, 3,  , p, x, -, m, d, -, 4,  , p, x, -, l, g, -, 5,  , h, e, i, g, h, t, -, f, u, l, l,  , p, o, s, i, t, i, o, n, -, r, e, l, a, t, i, v, e,  , z, -, 1, "", >, 
,  ,  ,  ,  , <, d, i, v,  , c, l, a, s, s, =, "", d, -, f, l, e, x,  , f, l, e, x, -, j, u, s, t, i, f, y, -, b, e, t, w, e, e, n,  , f, l, e, x, -, i, t, e, m, s, -, c, e, n, t, e, r,  , w, i, d, t, h, -, f, u, l, l,  , w, i, d, t, h, -, l, g, -, a, u, t, o, "", >, 
,  ,  ,  ,  ,  ,  , <, d, i, v,  , c, l, a, s, s, =, "", f, l, e, x, -, 1, "", >, 
,  ,  ,  ,  ,  ,  ,  ,  , <, b, u, t, t, o, n,  , a, r, i, a, -, l, a, b, e, l, =, "", T, o, g, g, l, e,  , n, a, v, i, g, a, t, i, o, n, "",  , a, r, i, a, -, e, x, p, a, n, d, e, d, =, "", f, a, l, s, e, "",  , t, y, p, e, =, "", b, u, t, t, o, n, "",  , d, a, t, a, -, v, i, e, w, -, c, o, m, p, o, n, e, n, t, =, "", t, r, u, e, "",  , c, l, a, s, s, =, "", j, s, -, d, e, t, a, i, l, s, -, t, a, r, g, e, t,  , j, s, -, n, a, v, -, p, a, d, d, i, n, g, -, r, e, c, a, l, c, u, l, a, t, e,  , j, s, -, h, e, a, d, e, r, -, m, e, n, u, -, t, o, g, g, l, e,  , B, u, t, t, o, n, -, -, l, i, n, k,  , B, u, t, t, o, n, -, -, m, e, d, i, u, m,  , B, u, t, t, o, n,  , d, -, l, g, -, n, o, n, e,  , c, o, l, o, r, -, f, g, -, i, n, h, e, r, i, t,  , p, -, 1, "", >,  ,  , <, s, p, a, n,  , c, l, a, s, s, =, "", B, u, t, t, o, n, -, c, o, n, t, e, n, t, "", >, 
,  ,  ,  ,  , <, s, p, a, n,  , c, l, a, s, s, =, "", B, u, t, t, o, n, -, l, a, b, e, l, "", >, <, d, i, v,  , c, l, a, s, s, =, "", H, e, a, d, e, r, M, e, n, u, -, t, o, g, g, l, e, -, b, a, r,  , r, o, u, n, d, e, d,  , m, y, -, 1, "", >, <, /, d, i, v, >, 
,  ,  ,  ,  ,  ,  ,  ,  ,  ,  ,  ,  , <, d, i, v,  , c, l, a, s, s, =, "", H, e, a, d, e, r, M, e, n, u, -, t, o, g, g, l, e, -, b, a, r,  , r, o, u, n, d, e, d,  , m, y, -, 1, "", >, <, /, d, i, v, >, 
,  ,  ,  ,  ,  ,  ,  ,  ,  ,  ,  ,  , <, d, i, v,  , c, l, a, s, s, =, "", H, e, a, d, e, r, M, e, n, u, -, t, o, g, g, l, e, -, b, a, r,  , r, o, u, n, d, e, d,  , m, y, -, 1, "", >, <, /, d, i, v, >, <, /, s, p, a, n, >, 
,  ,  , <, /, s, p, a, n, >, 
, <, /, b, u, t, t, o, n, >, 
,  ,  ,  ,  ,  ,  , <, /, d, i, v, >, 
, 
,  ,  ,  ,  ,  ,  , <, a,  , c, l, a, s, s, =, "", m, r, -, l, g, -, 3,  , c, o, l, o, r, -, f, g, -, i, n, h, e, r, i, t,  , f, l, e, x, -, o, r, d, e, r, -, 2,  , j, s, -, p, r, e, v, e, n, t, -, f, o, c, u, s, -, o, n, -, m, o, b, i, l, e, -, n, a, v, "", 
,  ,  ,  ,  ,  ,  ,  ,  , h, r, e, f, =, "", /, "", 
,  ,  ,  ,  ,  ,  ,  ,  , a, r, i, a, -, l, a, b, e, l, =, "", H, o, m, e, p, a, g, e, "", 
,  ,  ,  ,  ,  ,  ,  ,  , d, a, t, a, -, a, n, a, l, y, t, i, c, s, -, e, v, e, n, t, =, "", {, &, q, u, o, t, ;, c, a, t, e, g, o, r, y, &, q, u, o, t, ;, :, &, q, u, o, t, ;, M, a, r, k, e, t, i, n, g,  , n, a, v, &, q, u, o, t, ;, ,, &, q, u, o, t, ;, a, c, t, i, o, n, &, q, u, o, t, ;, :, &, q, u, o, t, ;, c, l, i, c, k,  , t, o,  , g, o,  , t, o,  , h, o, m, e, p, a, g, e, &, q, u, o, t, ;, ,, &, q, u, o, t, ;, l, a, b, e, l, &, q, u, o, t, ;, :, &, q, u, o, t, ;, r, e, f, _, p, a, g, e, :, M, a, r, k, e, t, i, n, g, ;, r, e, f, _, c, t, a, :, L, o, g, o, m, a, r, k, ;, r, e, f, _, l, o, c, :, H, e, a, d, e, r, &, q, u, o, t, ;, }, "", >, 
,  ,  ,  ,  ,  ,  ,  ,  , <, s, v, g,  , h, e, i, g, h, t, =, "", 3, 2, "",  , a, r, i, a, -, h, i, d, d, e, n, =, "", t, r, u, e, "",  , v, i, e, w, B, o, x, =, "", 0,  , 0,  , 2, 4,  , 2, 4, "",  , v, e, r, s, i, o, n, =, "", 1, ., 1, "",  , w, i, d, t, h, =, "", 3, 2, "",  , d, a, t, a, -, v, i, e, w, -, c, o, m, p, o, n, e, n, t, =, "", t, r, u, e, "",  , c, l, a, s, s, =, "", o, c, t, i, c, o, n,  , o, c, t, i, c, o, n, -, m, a, r, k, -, g, i, t, h, u, b, "", >, 
,  ,  ,  ,  , <, p, a, t, h,  , d, =, "", M, 1, 2, ., 5, ., 7, 5, C, 6, ., 1, 4, 6, ., 7, 5,  , 1,  , 5, ., 8, 9, 6,  , 1,  , 1, 2, ., 2, 5, c, 0,  , 5, ., 0, 8, 9,  , 3, ., 2, 9, 2,  , 9, ., 3, 8, 7,  , 7, ., 8, 6, 3,  , 1, 0, ., 9, 1, ., 5, 7, 5, ., 1, 0, 1, ., 7, 9, -, ., 2, 4, 4, ., 7, 9, -, ., 5, 4, 6,  , 0, -, ., 2, 7, 3, -, ., 0, 1, 4, -, 1, ., 1, 7, 8, -, ., 0, 1, 4, -, 2, ., 1, 4, 2, -, 2, ., 8, 8, 9, ., 5, 3, 2, -, 3, ., 6, 3, 6, -, ., 7, 0, 4, -, 3, ., 8, 6, 6, -, 1, ., 3, 5, -, ., 1, 3, -, ., 3, 3, 1, -, ., 6, 9, -, 1, ., 3, 5, 2, -, 1, ., 1, 8, -, 1, ., 6, 2, 5, -, ., 4, 0, 2, -, ., 2, 1, 6, -, ., 9, 7, 7, -, ., 7, 4, 8, -, ., 0, 1, 4, -, ., 7, 6, 2, ., 9, 0, 6, -, ., 0, 1, 4,  , 1, ., 5, 5, 3, ., 8, 3, 4,  , 1, ., 7, 6, 9,  , 1, ., 1, 7, 9,  , 1, ., 0, 3, 5,  , 1, ., 7, 4,  , 2, ., 6, 8, 8,  , 1, ., 2, 5,  , 3, ., 3, 4, 9, ., 9, 4, 8, ., 1, -, ., 7, 4, 7, ., 4, 0, 2, -, 1, ., 2, 5, ., 7, 3, 3, -, 1, ., 5, 3, 8, -, 2, ., 5, 5, 9, -, ., 2, 8, 7, -, 5, ., 2, 3, 2, -, 1, ., 2, 7, 9, -, 5, ., 2, 3, 2, -, 5, ., 6, 7, 8,  , 0, -, 1, ., 2, 5, ., 4, 4, 5, -, 2, ., 2, 8, 5,  , 1, ., 1, 7, 8, -, 3, ., 0, 9, -, ., 1, 1, 5, -, ., 2, 8, 8, -, ., 5, 1, 7, -, 1, ., 4, 6, 7, ., 1, 1, 5, -, 3, ., 0, 4, 8,  , 0,  , 0,  , ., 9, 6, 3, -, ., 3, 0, 2,  , 3, ., 1, 6, 3,  , 1, ., 1, 7, 9, ., 9, 2, -, ., 2, 5, 9,  , 1, ., 8, 9, 7, -, ., 3, 8, 8,  , 2, ., 8, 7, 5, -, ., 3, 8, 8, ., 9, 7, 7,  , 0,  , 1, ., 9, 5, 5, ., 1, 3,  , 2, ., 8, 7, 5, ., 3, 8, 8,  , 2, ., 2, -, 1, ., 4, 9, 5,  , 3, ., 1, 6, 2, -, 1, ., 1, 7, 9,  , 3, ., 1, 6, 2, -, 1, ., 1, 7, 9, ., 6, 3, 3,  , 1, ., 5, 8, 1, ., 2, 3,  , 2, ., 7, 6, ., 1, 1, 5,  , 3, ., 0, 4, 8, ., 7, 3, 3, ., 8, 0, 5,  , 1, ., 1, 7, 9,  , 1, ., 8, 2, 5,  , 1, ., 1, 7, 9,  , 3, ., 0, 9,  , 0,  , 4, ., 4, 1, 3, -, 2, ., 6, 8, 8,  , 5, ., 3, 9, -, 5, ., 2, 4, 7,  , 5, ., 6, 7, 8, ., 4, 1, 7, ., 3, 6, ., 7, 7, 6,  , 1, ., 0, 5, ., 7, 7, 6,  , 2, ., 1, 2, 8,  , 0,  , 1, ., 5, 3, 8, -, ., 0, 1, 4,  , 2, ., 7, 7, 4, -, ., 0, 1, 4,  , 3, ., 1, 6, 2,  , 0,  , ., 3, 0, 2, ., 2, 1, 6, ., 6, 6, 2, ., 7, 9, ., 5, 4, 7, C, 2, 0, ., 7, 0, 9,  , 2, 1, ., 6, 3, 7,  , 2, 4,  , 1, 7, ., 3, 2, 4,  , 2, 4,  , 1, 2, ., 2, 5"
https://www.augustin.codes/projects/dbms,"`, `, `, 
, [, ], 
, `, `, `"
https://www.augustin.codes/projects/pintos,"`, `, `, 
, [, ], 
, `, `, `"
https://www.augustin.codes/projects/eeg,"`, `, `, p, y, t, h, o, n, 
, [, ], 
, `, `, `"
https://github.com/augustintsang/neurotechhackathon/,"I,  , a, m,  , s, o, r, r, y, ,,  , b, u, t,  , I,  , d, i, d, n, ', t,  , f, i, n, d,  , a, n, y,  , e, m, a, i, l,  , a, d, d, r, e, s, s, e, s,  , i, n,  , t, h, e,  , p, r, o, v, i, d, e, d,  , H, T, M, L, ., 
, 
, `, `, `, j, s, o, n, 
, [, ], 
, `, `, `"
https://www.augustin.codes/projects/housing_predict,"`, `, `, p, y, t, h, o, n, 
, [, ], 
, `, `, `"
https://twitter.com/augustintsang,"[, ], 
"
https://www.linkedin.com/in/augustin-tsang/,"[, ], 
"
